ReactionKey,Name,PathwayKey,FormulaKey,GeneAssociation,Flux_Baseline,Flux_Stress75,DeltaFlux,AbsDeltaFlux,DeltaAbsFlux,FVA_Baseline_Min,FVA_Baseline_Max,FVA_Stress75_Min,FVA_Stress75_Max,Required_Baseline,Required_Stress75,ResponseClass,Evidence,NodeSize
SK_pchol_hs_18_1_18_1_c,"Sink pchol hs 18 1 18 1(c)","Intracellular source/sink",pchol_hs_18_1_18_1_c  <=>,,0,1.84889274661175e-32,1.84889274661175e-32,1.84889274661175e-32,1.84889274661175e-32,-0.00309011333334832,0.00369633972223915,-0.00307789814036039,0.00368666936111404,0,0,Unchanged,iAB-RBC-283 model metadata; COBRA pFBA/FVA; model-defined GTHPi demand,0
SK_pchol_hs_18_1_18_2_c,"Sink pchol hs 18 1 18 2(c)","Intracellular source/sink",pchol_hs_18_1_18_2_c  <=>,,8.0110129190541e-17,-2.73691106313441e-48,-8.0110129190541e-17,8.0110129190541e-17,-8.0110129190541e-17,-0.00489267944441207,0.0048926794444503,-0.0048733387222133,0.00487333872222166,0,0,Unchanged,iAB-RBC-283 model metadata; COBRA pFBA/FVA; model-defined GTHPi demand,0
SK_pchol_hs_18_2_16_0_c,"Sink pchol hs 18 2 16 0(c)","Intracellular source/sink",pchol_hs_18_2_16_0_c  <=>,,0,0,0,0,0,-0.00489267944440487,0.00489267944449476,-0.00487333872218805,0.00487333872218985,0,0,Unchanged,iAB-RBC-283 model metadata; COBRA pFBA/FVA; model-defined GTHPi demand,0
SK_pchol_hs_18_2_18_1_c,"Sink pchol hs 18 2 18 1(c)","Intracellular source/sink",pchol_hs_18_2_18_1_c  <=>,,-1.60220258381082e-16,3.59494384345875e-33,1.60220258381082e-16,1.60220258381082e-16,-1.60220258381082e-16,-0.00489267944440906,0.00489267944444947,-0.00487333872221706,0.00487333872222212,0,0,Unchanged,iAB-RBC-283 model metadata; COBRA pFBA/FVA; model-defined GTHPi demand,0
SK_pe_hs_16_0_16_0_c,"Sink pe hs 16 0 16 0(c)","Intracellular source/sink",pe_hs_16_0_16_0_c  <=>,,0,8.19253734839488e-33,8.19253734839488e-33,8.19253734839488e-33,8.19253734839488e-33,-0,0.00419372523810183,-0,0.00417714747620334,0,0,Unchanged,iAB-RBC-283 model metadata; COBRA pFBA/FVA; model-defined GTHPi demand,0
SK_pe_hs_16_0_18_1_c,"Sink pe hs 16 0 18 1(c)","Intracellular source/sink",pe_hs_16_0_18_1_c  <=>,,0,0,0,0,0,-0,0.00419372523811991,-0,0.00417714747620365,0,0,Unchanged,iAB-RBC-283 model metadata; COBRA pFBA/FVA; model-defined GTHPi demand,0
SK_pe_hs_16_0_18_2_c,"Sink pe hs 16 0 18 2(c)","Intracellular source/sink",pe_hs_16_0_18_2_c  <=>,,8.01101291905412e-17,0,-8.01101291905412e-17,8.01101291905412e-17,-8.01101291905412e-17,-0,0.00419372523810812,-0,0.0041771474762041,0,0,Unchanged,iAB-RBC-283 model metadata; COBRA pFBA/FVA; model-defined GTHPi demand,0
SK_pe_hs_18_1_18_1_c,"Sink pe hs 18 1 18 1(c)","Intracellular source/sink",pe_hs_18_1_18_1_c  <=>,,-8.0110129190541e-17,3.59494384345875e-33,8.0110129190541e-17,8.0110129190541e-17,-8.0110129190541e-17,-0,0.00364277512821366,-0,0.00363384864103406,0,0,Unchanged,iAB-RBC-283 model metadata; COBRA pFBA/FVA; model-defined GTHPi demand,0
SK_pe_hs_18_1_18_2_c,"Sink pe hs 18 1 18 2(c)","Intracellular source/sink",pe_hs_18_1_18_2_c  ->,,-0,-0,0,0,0,-0,0.0041937252381213,-0,0.00417714747619308,0,0,Unchanged,iAB-RBC-283 model metadata; COBRA pFBA/FVA; model-defined GTHPi demand,0
SK_pe_hs_18_2_16_0_c,"Sink pe hs 18 2 16 0(c)","Intracellular source/sink",pe_hs_18_2_16_0_c  ->,,-0,-3.59381536888196e-33,-3.59381536888196e-33,3.59381536888196e-33,3.59381536888196e-33,-0,0.00419372523810933,-0,0.00417714747621839,0,0,Unchanged,iAB-RBC-283 model metadata; COBRA pFBA/FVA; model-defined GTHPi demand,0
SK_pe_hs_18_2_18_1_c,"Sink pe hs 18 2 18 1(c)","Intracellular source/sink",pe_hs_18_2_18_1_c  ->,,-0,-0,0,0,0,-0,0.00419372523810878,-0,0.00417714747620511,0,0,Unchanged,iAB-RBC-283 model metadata; COBRA pFBA/FVA; model-defined GTHPi demand,0
UNK3,"2-keto-4-methylthiobutyrate transamination","Methionine Salvage",2kmb_c + glu__L_c  -> akg_c + met__L_c,Tat_AT1,0,0,0,0,0,0,0.00440341150000689,0,0.00438600485000099,0,0,Unchanged,iAB-RBC-283 model metadata; COBRA pFBA/FVA; model-defined GTHPi demand,0
3MOXTYRESSte,"3-Methoxytyramine secretion via secretory vesicle (ATP driven)","Transport, Extracellular",3 3moxtyr_c + 2 atp_c + 2 h2o_c  -> 2 adp_c + 2 pi_c + 2 h_c + 3 3moxtyr_e,,0,0,0,0,0,0,0.0108,0,0.0108,0,0,Unchanged,iAB-RBC-283 model metadata; COBRA pFBA/FVA; model-defined GTHPi demand,0
4PYRDX,"4-Pyridoxal secretion","Transport, Extracellular",4pyrdx_c + atp_c + h2o_c  -> adp_c + pi_c + h_c + 4pyrdx_e,,0,0,0,0,0,0,0.000383,0,0.000383,0,0,Unchanged,iAB-RBC-283 model metadata; COBRA pFBA/FVA; model-defined GTHPi demand,0
5AOPt2,"5 Aminolevulinate transport in via proton symport","Transport, Extracellular",h_e + 5aop_e  -> 5aop_c + h_c,,0,0,0,0,0,0,0.02,0,0.02,0,0,Unchanged,iAB-RBC-283 model metadata; COBRA pFBA/FVA; model-defined GTHPi demand,0
EX_ade_e,"Adenine exchange","Extracellular exchange",ade_e  <=>,,0.01,0.01,0,0,0,-0.014,0.01,-0.014,0.01,0,0,Unchanged,iAB-RBC-283 model metadata; COBRA pFBA/FVA; model-defined GTHPi demand,0
EX_adn_e,"Adenosine exchange","Extracellular exchange",adn_e  <=>,,-0.01,-0.01,0,0,0,-0.01,0.00100852875002204,-0.01,0.000965012125021758,0,0,Unchanged,iAB-RBC-283 model metadata; COBRA pFBA/FVA; model-defined GTHPi demand,0
ACALDt,"Acetaldehyde reversible transport","Transport, Extracellular",acald_e  <=> acald_c,,0,0,0,0,0,0,3.74e-05,0,3.74e-05,0,0,Unchanged,iAB-RBC-283 model metadata; COBRA pFBA/FVA; model-defined GTHPi demand,0
EX_35cgmp_e,"3',5'-Cyclic GMP exchange","Extracellular exchange",35cgmp_e  ->,,1.57772181044202e-30,-0,-1.57772181044202e-30,1.57772181044202e-30,-1.57772181044202e-30,-0,0.00303683551724459,-0,0.00302483093104369,0,0,Unchanged,iAB-RBC-283 model metadata; COBRA pFBA/FVA; model-defined GTHPi demand,0
ACGAM2E,"N-acetylglucosamine 2-epimerase","Aminosugar Metabolism",acgam_c  <=> acmana_c,Renbp_AT1,-3.74000000297711e-05,-3.74000000370512e-05,-7.28009232758842e-15,7.28009232758842e-15,7.28009232758842e-15,-3.74e-05,0,-3.74e-05,0,0,0,Unchanged,iAB-RBC-283 model metadata; COBRA pFBA/FVA; model-defined GTHPi demand,0
EX_adrnl_e,"Adrenaline exchange","Extracellular exchange",adrnl_e  <=>,,-0,-0,0,0,0,-0.0378,-0,-0.0378,-0,0,0,Unchanged,iAB-RBC-283 model metadata; COBRA pFBA/FVA; model-defined GTHPi demand,0
ACGAMK,"N-acetylglucosamine kinase","Aminosugar Metabolism",acgam_c + atp_c  -> acgam6p_c + adp_c + h_c,Nagk_AT1,3.74000000297711e-05,3.74000000370512e-05,7.28009232758842e-15,7.28009232758842e-15,7.28009232758842e-15,0,3.74e-05,0,3.74e-05,0,0,Unchanged,iAB-RBC-283 model metadata; COBRA pFBA/FVA; model-defined GTHPi demand,0
EX_ala__L_e,"L-Alanine exchange","Extracellular exchange",ala__L_e  ->,,-0,-0,0,0,0,-0,0.00838745047620199,-0,0.00855805824391979,0,0,Unchanged,iAB-RBC-283 model metadata; COBRA pFBA/FVA; model-defined GTHPi demand,0
EX_arg__L_e,"L-Arginine exchange","Extracellular exchange",arg__L_e  <=>,,0,-0,-0,0,0,-0.1152,-0,-0.1152,-0,0,0,Unchanged,iAB-RBC-283 model metadata; COBRA pFBA/FVA; model-defined GTHPi demand,0
ACNAM9PL,"N-Acetylneuraminate 9-phosphate pyruvate-lyase (pyruvate-phosphorylating)","Aminosugar Metabolism",acmanap_c + pep_c + h2o_c  -> acnamp_c + pi_c,Nans_AT1,0,0,0,0,0,0,0.0146780383333417,0,0.0146200161666958,0,0,Unchanged,iAB-RBC-283 model metadata; COBRA pFBA/FVA; model-defined GTHPi demand,0
EX_ascb__L_e,"L-Ascorbate exchange","Extracellular exchange",ascb__L_e  ->,,0,0,0,0,0,-0,0.1111,-0,0.1111,0,0,Unchanged,iAB-RBC-283 model metadata; COBRA pFBA/FVA; model-defined GTHPi demand,0
EX_3moxtyr_e,"3-Methoxytyramine exchange","Extracellular exchange",3moxtyr_e  ->,,-0,-0,0,0,0,-0,0.0324,-0,0.0324,0,0,Unchanged,iAB-RBC-283 model metadata; COBRA pFBA/FVA; model-defined GTHPi demand,0
EX_4pyrdx_e,"4-Pyridoxate exchange","Extracellular exchange",4pyrdx_e  ->,,-0,-0,0,0,0,-0,0.000383,-0,0.000383,0,0,Unchanged,iAB-RBC-283 model metadata; COBRA pFBA/FVA; model-defined GTHPi demand,0
ACNAMPH,"N-Acetylneuraminate 9-phosphate phosphohydrolase","Aminosugar Metabolism",acnamp_c + h2o_c  -> acnam_c + pi_c,Nanp_AT1,0,0,0,0,0,0,0.0146780383333417,0,0.0146200161666958,0,0,Unchanged,iAB-RBC-283 model metadata; COBRA pFBA/FVA; model-defined GTHPi demand,0
EX_bilglcur_e,"Bilirubin monoglucuronide exchange","Extracellular exchange",bilglcur_e  ->,,-0,-0,0,0,0,-0,0.0025,-0,0.0025,0,0,Unchanged,iAB-RBC-283 model metadata; COBRA pFBA/FVA; model-defined GTHPi demand,0
EX_ca2_e,"Calcium exchange","Extracellular exchange",ca2_e  <=>,,0,0,0,0,0,-0,-0,-0,-0,0,0,Unchanged,iAB-RBC-283 model metadata; COBRA pFBA/FVA; model-defined GTHPi demand,0
ACNAMt2,"N-acetylneuraminate proton symport","Transport, Extracellular",h_e + acnam_e  -> acnam_c + h_c,,3.74000000297711e-05,3.74000000370512e-05,7.28009232758842e-15,7.28009232758842e-15,7.28009232758842e-15,0,3.74e-05,0,3.74e-05,0,0,Unchanged,iAB-RBC-283 model metadata; COBRA pFBA/FVA; model-defined GTHPi demand,0
EX_camp_e,"CAMP exchange","Extracellular exchange",camp_e  ->,,-0,-0,0,0,0,-0,0.0044034115000213,-0,0.00438600485001376,0,0,Unchanged,iAB-RBC-283 model metadata; COBRA pFBA/FVA; model-defined GTHPi demand,0
EX_chol_e,"Choline exchange","Extracellular exchange",chol_e  <=>,,1.20165193785811e-16,-2.31111593326468e-32,-1.20165193785811e-16,1.20165193785811e-16,-1.20165193785811e-16,-0.00419372523810878,-0,-0.004177147476204,-0,0,0,Unchanged,iAB-RBC-283 model metadata; COBRA pFBA/FVA; model-defined GTHPi demand,0
EX_cl_e,"Chloride exchange","Extracellular exchange",cl_e  <=>,,0,0,0,0,0,-0,-0,-0,-0,0,0,Unchanged,iAB-RBC-283 model metadata; COBRA pFBA/FVA; model-defined GTHPi demand,0
ACNML,"N-Acetylneuraminate lyase","Aminosugar Metabolism",acnam_c  <=> acmana_c + pyr_c,Nans_AT1,3.74000000297711e-05,3.74000000370512e-05,7.28009232758842e-15,7.28009232758842e-15,7.28009232758842e-15,0,0.0147154383333417,0,0.0146574161666958,0,0,Unchanged,iAB-RBC-283 model metadata; COBRA pFBA/FVA; model-defined GTHPi demand,0
EX_co_e,"EX co LPAREN e RPAREN","Extracellular exchange",co_e  ->,,-0,-0,0,0,0,-0,0.0025,-0,0.0025,0,0,Unchanged,iAB-RBC-283 model metadata; COBRA pFBA/FVA; model-defined GTHPi demand,0
EX_co2_e,"CO2 exchange","Extracellular exchange",co2_e  <=>,,-5.37112293333345,-5.06312271166678,0.308000221666672,0.308000221666672,-0.308000221666672,-5.87112293333346,-4.85914254999923,-5.09236274400016,-4.80172254999946,1,1,Decreased,iAB-RBC-283 model metadata; COBRA pFBA/FVA; model-defined GTHPi demand,11.0642240704109
ACP1_FMN,"Acid phosphatase (FMN)","Riboflavin Metabolism",fmn_c + h2o_c  -> pi_c + ribflv_c,Acp1_AT3 or Acp1_AT1 or Acp1_AT2,0,0,0,0,0,0,0.0293560766666783,0,0.0292400323333917,0,0,Unchanged,iAB-RBC-283 model metadata; COBRA pFBA/FVA; model-defined GTHPi demand,0
EX_cys__L_e,"L-Cysteine exchange","Extracellular exchange",cys__L_e  <=>,,-0,-0,0,0,0,-0.00838745047619754,-0,-0.0085580582438931,-0,0,0,Unchanged,iAB-RBC-283 model metadata; COBRA pFBA/FVA; model-defined GTHPi demand,0
EX_dhdascb_e,"Dehydroascorbate exchange","Extracellular exchange",dhdascb_e  <=>,,-0,-0,0,0,0,-0.1111,-0,-0.1111,-0,0,0,Unchanged,iAB-RBC-283 model metadata; COBRA pFBA/FVA; model-defined GTHPi demand,0
EX_dopa_e,"Dopamine exchange","Extracellular exchange",dopa_e  <=>,,-0,-0,0,0,0,-0.0324,-0,-0.0324,-0,0,0,Unchanged,iAB-RBC-283 model metadata; COBRA pFBA/FVA; model-defined GTHPi demand,0
EX_5aop_e,"5 Amino 4 oxopentanoate exchange","Extracellular exchange",5aop_e  <=>,,-0,-0,0,0,0,-0.02,-0,-0.02,-0,0,0,Unchanged,iAB-RBC-283 model metadata; COBRA pFBA/FVA; model-defined GTHPi demand,0
EX_etha_e,"Ethanolamine exchange","Extracellular exchange",etha_e  <=>,,9.86076131526265e-32,-2.17001899534678e-32,-1.20307803106094e-31,1.20307803106094e-31,-7.69074231991587e-32,-0.00419372523810878,-0,-0.00417714747620749,-0,0,0,Unchanged,iAB-RBC-283 model metadata; COBRA pFBA/FVA; model-defined GTHPi demand,0
ACt2r,"Acetate reversible transport via proton symport","Transport, Extracellular",h_e + ac_e  <=> ac_c + h_c,,-3.74000000297711e-05,-3.74000000370512e-05,-7.28009232758842e-15,7.28009232758842e-15,7.28009232758842e-15,-3.74e-05,0,-3.74e-05,0,0,0,Unchanged,iAB-RBC-283 model metadata; COBRA pFBA/FVA; model-defined GTHPi demand,0
EX_fe2_e,"Fe2+ exchange","Extracellular exchange",fe2_e  <=>,,0,0,0,0,0,-0,-0,-0,-0,0,0,Unchanged,iAB-RBC-283 model metadata; COBRA pFBA/FVA; model-defined GTHPi demand,0
ADA,"Adenosine deaminase","Purine Catabolism",adn_c + h_c + h2o_c  -> ins_c + nh4_c,Ada_AT1,-1.55017665389123e-19,4.51750905244305e-22,1.55469416294367e-19,1.55469416294367e-19,-1.54565914483878e-19,0,0.0240000000000001,0,0.0240000000000006,0,0,Unchanged,iAB-RBC-283 model metadata; COBRA pFBA/FVA; model-defined GTHPi demand,0
EX_fru_e,"D-Fructose exchange","Extracellular exchange",fru_e  <=>,,-0.0075,-0.0075,0,0,0,-0.0075,0.00717803833334824,-0.0075,0.006572322615412,0,0,Unchanged,iAB-RBC-283 model metadata; COBRA pFBA/FVA; model-defined GTHPi demand,0
EX_fum_e,"Fumarate exchange","Extracellular exchange",fum_e  <=>,,0,-0.25,-0.25,0.25,0.25,-0.25,0.5,-0.25,-0.0745598059996468,0,1,Activated,iAB-RBC-283 model metadata; COBRA pFBA/FVA; model-defined GTHPi demand,9.73394398239752
EX_gal_e,"D-Galactose exchange","Extracellular exchange",gal_e  <=>,,-0.3169,-0.3169,0,0,0,-0.3169,-0.302221961666607,-0.3169,-0.302279983833328,1,1,Unchanged,iAB-RBC-283 model metadata; COBRA pFBA/FVA; model-defined GTHPi demand,0
EX_ac_e,"Acetate exchange","Extracellular exchange",ac_e  ->,,3.74000000297711e-05,3.74000000370512e-05,7.28009232758842e-15,7.28009232758842e-15,7.28009232758842e-15,0,3.74e-05,-0,3.74e-05,0,0,Unchanged,iAB-RBC-283 model metadata; COBRA pFBA/FVA; model-defined GTHPi demand,0
EX_gam_e,"D-Glucosamine exchange","Extracellular exchange",gam_e  <=>,,-1e-05,-1e-05,0,0,0,-1e-05,-0,-1e-05,-0,0,0,Unchanged,iAB-RBC-283 model metadata; COBRA pFBA/FVA; model-defined GTHPi demand,0
EX_acald_e,"Acetaldehyde exchange","Extracellular exchange",acald_e  <=>,,0,0,0,0,0,-3.74e-05,-0,-3.74e-05,-0,0,0,Unchanged,iAB-RBC-283 model metadata; COBRA pFBA/FVA; model-defined GTHPi demand,0
ADEt,"Adenine transport via diffusion","Transport, Extracellular",ade_e  <=> ade_c,Slc29a2_1_e,-0.01,-0.01,0,0,0,-0.0100000000000006,0.014,-0.01,0.014,0,0,Unchanged,iAB-RBC-283 model metadata; COBRA pFBA/FVA; model-defined GTHPi demand,0
EX_acnam_e,"N-Acetylneuraminate exchange","Extracellular exchange",acnam_e  <=>,,-3.74000000297711e-05,-3.74000000370512e-05,-7.28009232758842e-15,7.28009232758842e-15,7.28009232758842e-15,-3.74e-05,-0,-3.74e-05,-0,0,0,Unchanged,iAB-RBC-283 model metadata; COBRA pFBA/FVA; model-defined GTHPi demand,0
EX_glc__D_e,"D-Glucose exchange","Extracellular exchange",glc__D_e  <=>,,-1.12,-1.12,0,0,0,-1.12,-1.10532196166665,-1.12,-1.1053799838333,1,1,Unchanged,iAB-RBC-283 model metadata; COBRA pFBA/FVA; model-defined GTHPi demand,0
ADK1,"Adenylate kinase","Nucleotides",amp_c + atp_c  <=> 2 adp_c,Ak1_AT1,-5.63830323656721e-16,-4.51750905181697e-22,5.63829871905816e-16,5.63829871905816e-16,-5.63829871905816e-16,5.83366296757516e-16,0.014678038333382,-6.40938451761183e-16,0.0146200161667107,0,0,Unchanged,iAB-RBC-283 model metadata; COBRA pFBA/FVA; model-defined GTHPi demand,0
EX_gln__L_e,"L-Glutamine exchange","Extracellular exchange",gln__L_e  <=>,,0,0,0,0,0,-0.0065235725925927,-0,-0.00637964341816314,-0,0,0,Unchanged,iAB-RBC-283 model metadata; COBRA pFBA/FVA; model-defined GTHPi demand,0
ADMDC,"Adenosylmethionine decarboxylase","Arginine and Proline Metabolism",amet_c + h_c  -> ametam_c + co2_c,Amd1_AT1,0,0,0,0,0,0,0.00440341150000689,0,0.00438600485000099,0,0,Unchanged,iAB-RBC-283 model metadata; COBRA pFBA/FVA; model-defined GTHPi demand,0
ADNCYC,"Adenylate cyclase","Nucleotides",atp_c  -> camp_c + ppi_c,Adcy6_AT2 or Adcy6_AT1 or Adcy5_AT1 or Adcy4_AT1 or Adcy7_AT1 or Adcy2_AT1 or Adcy3_AT1 or Adcy1_AT1 or Adcy8_AT1 or Adcy9_AT1,0,0,0,0,0,0,0.0146780383333375,0,0.0146200161667092,0,0,Unchanged,iAB-RBC-283 model metadata; COBRA pFBA/FVA; model-defined GTHPi demand,0
EX_gluala_e,"5-L-Glutamyl-L-alanine exchange","Extracellular exchange",gluala_e  <=>,,-0,-0,0,0,0,-0.00838745047620199,-0,-0.00855805824391979,-0,0,0,Unchanged,iAB-RBC-283 model metadata; COBRA pFBA/FVA; model-defined GTHPi demand,0
ADNK1,"Adenosine kinase","Nucleotides",adn_c + atp_c  -> adp_c + amp_c + h_c,Adk_AT2 or Adk_AT1,0,0,0,0,0,0,0.0293560766667048,0,0.0292400323333927,0,0,Unchanged,iAB-RBC-283 model metadata; COBRA pFBA/FVA; model-defined GTHPi demand,0
EX_gly_e,"Glycine exchange","Extracellular exchange",gly_e  <=>,,-0,-0,0,0,0,-0.00838745047619754,-0,-0.0085580582438931,-0,0,0,Unchanged,iAB-RBC-283 model metadata; COBRA pFBA/FVA; model-defined GTHPi demand,0
EX_glyc_e,"Glycerol exchange","Extracellular exchange",glyc_e  <=>,,1.20165193785811e-16,-3.13048251556185e-32,-1.20165193785811e-16,1.20165193785811e-16,-1.20165193785811e-16,-0.00419372523810878,-0,-0.00417714747620749,-0,0,0,Unchanged,iAB-RBC-283 model metadata; COBRA pFBA/FVA; model-defined GTHPi demand,0
C181CPT1,"Carnitine octadecenoyl transferase","Carnitine shuttle",crn_c + odecoa_c  -> coa_c + odecrn_c,Cpt1a_AT1,0,0,0,0,0,0,1000,0,1000,0,0,Unchanged,iAB-RBC-283 model metadata; COBRA pFBA/FVA; model-defined GTHPi demand,0
ADNt,"Adenosine facilated transport in cytosol","Transport, Extracellular",adn_e  <=> adn_c,Slc29a1_1_e,0.01,0.01,0,0,0,-0.00100852875002204,0.01,-0.000965012125021758,0.01,0,0,Unchanged,iAB-RBC-283 model metadata; COBRA pFBA/FVA; model-defined GTHPi demand,0
C181CPT2rbc,"Carnitine octadecenoyl transferase","Carnitine shuttle",coa_c + odecrn_c  -> crn_c + odecoa_c,Cpt2_AT1,0,0,0,0,0,0,1000,0,1000,0,0,Unchanged,iAB-RBC-283 model metadata; COBRA pFBA/FVA; model-defined GTHPi demand,0
CA2t,"Calcium (Ca+2) transport via diffusion (extracellular to periplasm)","Transport, Extracellular",ca2_e  <=> ca2_c,,0,0,0,0,0,0,0.0587121533335692,0,0.0584800646667067,0,0,Unchanged,iAB-RBC-283 model metadata; COBRA pFBA/FVA; model-defined GTHPi demand,0
EX_gthox_e,"Oxidized glutathione exchange","Extracellular exchange",gthox_e  ->,,-0,-0,0,0,0,-0,0.00419372523809936,-0,0.00427902912195004,0,0,Unchanged,iAB-RBC-283 model metadata; COBRA pFBA/FVA; model-defined GTHPi demand,0
EX_h_e,"H+ exchange","Extracellular exchange",h_e  <=>,,8.29668440000018,8.01188426700021,-0.284800132999976,0.284800132999976,-0.284800132999976,7.81191616999969,10,7.77746416999979,10,1,1,Decreased,iAB-RBC-283 model metadata; COBRA pFBA/FVA; model-defined GTHPi demand,10.5321120352049
EX_h2o_e,"H2O exchange","Extracellular exchange",h2o_e  <=>,,-4.88120773333351,-4.50360724566682,0.377600487666695,0.377600487666695,-0.377600487666695,-6.29976621000012,4.7680726499999,-4.67204967800028,4.82549264999964,0,0,Decreased,iAB-RBC-283 model metadata; COBRA pFBA/FVA; model-defined GTHPi demand,12.6605601760273
EX_h2o2_e,"Hydrogen peroxide exchange","Extracellular exchange",h2o2_e  <=>,,-0.5,-0.819600266000039,-0.319600266000039,0.319600266000039,0.319600266000039,-10,0.000611,-10,-0.818989266000039,0,1,Increased,iAB-RBC-283 model metadata; COBRA pFBA/FVA; model-defined GTHPi demand,11.3302800880143
ADPT,"Adenine phosphoribosyltransferase","Salvage Pathway",ade_c + prpp_c  -> amp_c + ppi_c,AprT_AT1,0,0,0,0,0,0,0.0146780383333844,0,0.0146200161667427,0,0,Unchanged,iAB-RBC-283 model metadata; COBRA pFBA/FVA; model-defined GTHPi demand,0
CAATPS,"CAATPS","Transport, Extracellular",atp_c + 2 ca2_c + h2o_c  -> adp_c + pi_c + 2 ca2_e + h_e,Atp2b1_AT1 or Atp2b4_AT1,0,0,0,0,0,0,0.0293560766667846,0,0.0292400323333534,0,0,Unchanged,iAB-RBC-283 model metadata; COBRA pFBA/FVA; model-defined GTHPi demand,0
CAMPt,"CAMP transport (ATP-dependent)","Transport, Extracellular",atp_c + camp_c + h2o_c  -> adp_c + pi_c + h_c + camp_e,Abcc4_1_e,0,0,0,0,0,0,0.0044034115000213,0,0.00438600485001376,0,0,Unchanged,iAB-RBC-283 model metadata; COBRA pFBA/FVA; model-defined GTHPi demand,0
ADRNLtu,"Adrenaline (epinephrine) transport, uniport","Transport, Extracellular",adrnl_e  <=> adrnl_c,,0,0,0,0,0,0,0.0378,0,0.0378,0,0,Unchanged,iAB-RBC-283 model metadata; COBRA pFBA/FVA; model-defined GTHPi demand,0
EX_hco3_e,"EX hco3 LPAREN e RPAREN","Extracellular exchange",hco3_e  <=>,,5.87112293333345,5.8479228446668,-0.023200088666651,0.023200088666651,-0.023200088666651,5.80402332952387,5.87112293333346,5.78088472175611,5.84792284466673,1,1,Decreased,iAB-RBC-283 model metadata; COBRA pFBA/FVA; model-defined GTHPi demand,4.53211203520493
AGDC,"N-acetylglucosamine-6-phosphate deacetylase","Aminosugar Metabolism",acgam6p_c + h2o_c  -> ac_c + gam6p_c,Cgi_14_AT1,3.74000000297711e-05,3.74000000370512e-05,7.28009232758842e-15,7.28009232758842e-15,7.28009232758842e-15,0,3.74e-05,0,3.74e-05,0,0,Unchanged,iAB-RBC-283 model metadata; COBRA pFBA/FVA; model-defined GTHPi demand,0
AGPAT1_16_0_16_1,"1-acylglycerol-3-phosphate O-acyltransferase 1 (C16:0, C16:0)","Diacylglycerol Synthesis",alpa_hs_16_0_c + pmtcoa_c  -> coa_c + pa_hs_16_0_16_0_c,Agpat3_AT2 or Agpat5_AT1 or Agpat3_AT1 or Agpat6_AT1 or Agpat1_AT1 or Agpat2_AT1 or Agpat4_AT1,0,8.19253734839488e-33,8.19253734839488e-33,8.19253734839488e-33,8.19253734839488e-33,0,0.00489267944445005,0,0.00487333872217162,0,0,Unchanged,iAB-RBC-283 model metadata; COBRA pFBA/FVA; model-defined GTHPi demand,0
CAT,"Catalase","ROS Detoxification",2 h2o2_c  -> 2 h2o_c + o2_c,Cat_AT1,0,0,0,0,0,0,5.0003055,0,4.59050536699998,0,0,Unchanged,iAB-RBC-283 model metadata; COBRA pFBA/FVA; model-defined GTHPi demand,0
AGPAT1_16_0_18_3,"1-acylglycerol-3-phosphate O-acyltransferase 1 (C16:0, C18:1)","Diacylglycerol Synthesis",alpa_hs_16_0_c + odecoa_c  -> coa_c + pa_hs_16_0_18_1_c,Agpat3_AT2 or Agpat5_AT1 or Agpat3_AT1 or Agpat6_AT1 or Agpat1_AT1 or Agpat2_AT1 or Agpat4_AT1,0,2.31111593326468e-32,2.31111593326468e-32,2.31111593326468e-32,2.31111593326468e-32,0,0.0048926794443952,0,0.00487333872228731,0,0,Unchanged,iAB-RBC-283 model metadata; COBRA pFBA/FVA; model-defined GTHPi demand,0
EX_hcys__L_e,"L-homocysteine exchange","Extracellular exchange",hcys__L_e  ->,,-0,-0,0,0,0,-0,0.00978535888887953,-0,0.00974667744446434,0,0,Unchanged,iAB-RBC-283 model metadata; COBRA pFBA/FVA; model-defined GTHPi demand,0
AGPAT1_16_0_18_4,"1-acylglycerol-3-phosphate O-acyltransferase 1 (C16:0, C18:2)","Diacylglycerol Synthesis",alpa_hs_16_0_c + lnlccoa_c  -> coa_c + pa_hs_16_0_18_2_c,Agpat3_AT2 or Agpat5_AT1 or Agpat3_AT1 or Agpat6_AT1 or Agpat1_AT1 or Agpat2_AT1 or Agpat4_AT1,4.00550645952707e-17,0,-4.00550645952707e-17,4.00550645952707e-17,-4.00550645952707e-17,0,0.00489267944447954,0,0.0048733387222267,0,0,Unchanged,iAB-RBC-283 model metadata; COBRA pFBA/FVA; model-defined GTHPi demand,0
EX_hdca_e,"Hexadecanoate (n-C16:0) exchange","Extracellular exchange",hdca_e  <=>,,0,-1.4845835374049e-32,-1.4845835374049e-32,1.4845835374049e-32,1.4845835374049e-32,-0.00838745047624316,0,-0.00835429495240668,0,0,0,Unchanged,iAB-RBC-283 model metadata; COBRA pFBA/FVA; model-defined GTHPi demand,0
EX_hxan_e,"Hypoxanthine exchange","Extracellular exchange",hxan_e  ->,,3.23344918419705e-16,4.51750905351724e-22,-3.233444666688e-16,3.233444666688e-16,-3.233444666688e-16,0,0.024,0,0.024,0,0,Unchanged,iAB-RBC-283 model metadata; COBRA pFBA/FVA; model-defined GTHPi demand,0
CDIPTr_16_0_16_0,"Phosphatidylinositol synthase (Homo sapiens, C16:0, C16:0)","Glycerophospholipid Metabolism",cdpdag_hs_16_0_16_0_c + inost_c  <=> pail_hs_16_0_16_0_c + h_c + cmp_c,Cdipt_AT2 or Cdipt_AT1,0,0,0,0,0,0,0.00978535888897437,0,0.00974667744444797,0,0,Unchanged,iAB-RBC-283 model metadata; COBRA pFBA/FVA; model-defined GTHPi demand,0
EX_ins_e,"Inosine exchange","Extracellular exchange",ins_e  ->,,0,0,0,0,0,0,0.0110085287500036,0,0.0109650121250221,0,0,Unchanged,iAB-RBC-283 model metadata; COBRA pFBA/FVA; model-defined GTHPi demand,0
AGPAT1_18_1_18_3,"1-acylglycerol-3-phosphate O-acyltransferase 1 (C18:1,C18:1)","Diacylglycerol Synthesis",alpa_hs_18_1_c + odecoa_c  -> coa_c + pa_hs_18_1_18_1_c,Agpat3_AT2 or Agpat5_AT1 or Agpat3_AT1 or Agpat6_AT1 or Agpat1_AT1 or Agpat2_AT1 or Agpat4_AT1,-8.0110129190541e-17,3.59494384345875e-33,8.0110129190541e-17,8.0110129190541e-17,-8.0110129190541e-17,0,0.0048926794444474,0,0.00487333872226572,0,0,Unchanged,iAB-RBC-283 model metadata; COBRA pFBA/FVA; model-defined GTHPi demand,0
EX_k_e,"K+ exchange","Extracellular exchange",k_e  <=>,,0,0,0,0,0,-0,-0,-0,-0,0,0,Unchanged,iAB-RBC-283 model metadata; COBRA pFBA/FVA; model-defined GTHPi demand,0
EX_lac__D_e,"D-lactate exchange","Extracellular exchange",lac__D_e  ->,,-0,-0,0,0,0,-0,0.0146780383333921,-0,0.0146200161666967,0,0,Unchanged,iAB-RBC-283 model metadata; COBRA pFBA/FVA; model-defined GTHPi demand,0
CDIPTr_16_0_18_1,"Phosphatidylinositol synthase (Homo sapiens, C16:0, C18:1)","Glycerophospholipid Metabolism",cdpdag_hs_16_0_18_1_c + inost_c  <=> pail_hs_16_0_18_1_c + h_c + cmp_c,Cdipt_AT2 or Cdipt_AT1,0,0,0,0,0,0,0.00978535888897437,0,0.00974667744444797,0,0,Unchanged,iAB-RBC-283 model metadata; COBRA pFBA/FVA; model-defined GTHPi demand,0
CDIPTr_16_0_18_2,"Phosphatidylinositol synthase (Homo sapiens, C16:0, C18:2)","Glycerophospholipid Metabolism",cdpdag_hs_16_0_18_2_c + inost_c  <=> pail_hs_16_0_18_2_c + h_c + cmp_c,Cdipt_AT2 or Cdipt_AT1,0,0,0,0,0,0,0.00978535888891146,0,0.00974667744444797,0,0,Unchanged,iAB-RBC-283 model metadata; COBRA pFBA/FVA; model-defined GTHPi demand,0
EX_lac__L_e,"L-Lactate exchange","Extracellular exchange",lac__L_e  ->,,2.92556146666673,2.9139614223334,-0.0116000443333251,0.0116000443333251,-0.0116000443333251,1.80591347499997,3.67559263333338,1.77720347500006,3.06016158399996,1,1,Decreased,iAB-RBC-283 model metadata; COBRA pFBA/FVA; model-defined GTHPi demand,4.26605601760246
AGPAT1_18_1_18_4,"1-acylglycerol-3-phosphate O-acyltransferase 1 (C18:1,C18:2)","Diacylglycerol Synthesis",alpa_hs_18_1_c + lnlccoa_c  -> coa_c + pa_hs_18_1_18_2_c,Agpat3_AT2 or Agpat5_AT1 or Agpat3_AT1 or Agpat6_AT1 or Agpat1_AT1 or Agpat2_AT1 or Agpat4_AT1,8.0110129190541e-17,0,-8.0110129190541e-17,8.0110129190541e-17,-8.0110129190541e-17,0,0.00489267944447708,0,0.00487333872225244,0,0,Unchanged,iAB-RBC-283 model metadata; COBRA pFBA/FVA; model-defined GTHPi demand,0
EX_leuktrA4_e,"Leukotriene A4 exchange","Extracellular exchange",leuktrA4_e  <=>,,-0,-0,0,0,0,-2.4e-06,-0,-2.4e-06,-0,0,0,Unchanged,iAB-RBC-283 model metadata; COBRA pFBA/FVA; model-defined GTHPi demand,0
CDIPTr_18_1_18_1,"Phosphatidylinositol synthase (Homo sapiens, C18:1,C18:1)","Glycerophospholipid Metabolism",cdpdag_hs_18_1_18_1_c + inost_c  <=> pail_hs_18_1_18_1_c + h_c + cmp_c,Cdipt_AT2 or Cdipt_AT1,0,0,0,0,0,0,0.00978535888891146,0,0.00974667744444797,0,0,Unchanged,iAB-RBC-283 model metadata; COBRA pFBA/FVA; model-defined GTHPi demand,0
CDIPTr_18_1_18_2,"Phosphatidylinositol synthase (Homo sapiens, C18:1,C18:2)","Glycerophospholipid Metabolism",cdpdag_hs_18_1_18_2_c + inost_c  <=> pail_hs_18_1_18_2_c + h_c + cmp_c,Cdipt_AT2 or Cdipt_AT1,3.32859514390364e-16,0,-3.32859514390364e-16,3.32859514390364e-16,-3.32859514390364e-16,0,0.00978535888881433,0,0.00974667744444698,0,0,Unchanged,iAB-RBC-283 model metadata; COBRA pFBA/FVA; model-defined GTHPi demand,0
EX_leuktrB4_e,"Leukotriene B4 exchange","Extracellular exchange",leuktrB4_e  ->,,-0,-0,0,0,0,-0,2.4e-06,-0,2.4e-06,0,0,Unchanged,iAB-RBC-283 model metadata; COBRA pFBA/FVA; model-defined GTHPi demand,0
AGPAT1_18_2_16_0,"1-acylglycerol-3-phosphate O-acyltransferase 1 (C18:2,C16:0)","Diacylglycerol Synthesis",alpa_hs_18_2_c + pmtcoa_c  -> coa_c + pa_hs_18_2_16_0_c,Agpat3_AT2 or Agpat5_AT1 or Agpat3_AT1 or Agpat6_AT1 or Agpat1_AT1 or Agpat2_AT1 or Agpat4_AT1,0,-3.59381536888196e-33,-3.59381536888196e-33,3.59381536888196e-33,3.59381536888196e-33,0,0.00489267944443411,0,0.0048733387222641,0,0,Unchanged,iAB-RBC-283 model metadata; COBRA pFBA/FVA; model-defined GTHPi demand,0
EX_lnlc_e,"Linoleic acid (all cis C18:2) exchange","Extracellular exchange",lnlc_e  <=>,,0,0,0,0,0,-0.00451631948718445,0,-0.00449846651284847,-0,0,0,Unchanged,iAB-RBC-283 model metadata; COBRA pFBA/FVA; model-defined GTHPi demand,0
EX_mal__L_e,"L-Malate exchange","Extracellular exchange",mal__L_e  <=>,,-0.5,-0.5,0,0,0,-0.5,0.25,-0.5,-0.32455980599964,0,1,Unchanged,iAB-RBC-283 model metadata; COBRA pFBA/FVA; model-defined GTHPi demand,0
EX_man_e,"D-Mannose exchange","Extracellular exchange",man_e  <=>,,-0.01,-0.01,0,0,0,-0.01,-0,-0.01,-0,0,0,Unchanged,iAB-RBC-283 model metadata; COBRA pFBA/FVA; model-defined GTHPi demand,0
CDIPTr_18_2_16_0,"Phosphatidylinositol synthase (Homo sapiens, C18:2,C16:0)","Glycerophospholipid Metabolism",cdpdag_hs_18_2_16_0_c + inost_c  <=> pail_hs_18_2_16_0_c + h_c + cmp_c,Cdipt_AT2 or Cdipt_AT1,0,0,0,0,0,0,0.0097853588888927,0,0.00974667744446027,0,0,Unchanged,iAB-RBC-283 model metadata; COBRA pFBA/FVA; model-defined GTHPi demand,0
CDIPTr_18_2_18_1,"Phosphatidylinositol synthase (Homo sapiens, C18:2,C18:1)","Glycerophospholipid Metabolism",cdpdag_hs_18_2_18_1_c + inost_c  <=> pail_hs_18_2_18_1_c + h_c + cmp_c,Cdipt_AT2 or Cdipt_AT1,0,0,0,0,0,0,0.00978535888895001,0,0.00974667744442906,0,0,Unchanged,iAB-RBC-283 model metadata; COBRA pFBA/FVA; model-defined GTHPi demand,0
CDS_16_0_16_0,"Phosphatidate cytidylyltransferase (C16:0, C16:0)","Glycerophospholipid Metabolism",h_c + ctp_c + pa_hs_16_0_16_0_c  -> cdpdag_hs_16_0_16_0_c + ppi_c,Cds1_AT1,0,0,0,0,0,0,0.00978535888897437,0,0.00974667744444797,0,0,Unchanged,iAB-RBC-283 model metadata; COBRA pFBA/FVA; model-defined GTHPi demand,0
CDS_16_0_18_1,"Phosphatidate cytidylyltransferase (C16:0, C18:1)","Glycerophospholipid Metabolism",h_c + ctp_c + pa_hs_16_0_18_1_c  -> cdpdag_hs_16_0_18_1_c + ppi_c,Cds1_AT1,0,0,0,0,0,0,0.00978535888897437,0,0.00974667744444797,0,0,Unchanged,iAB-RBC-283 model metadata; COBRA pFBA/FVA; model-defined GTHPi demand,0
CDS_16_0_18_2,"Phosphatidate cytidylyltransferase (C16:0, C18:2)","Glycerophospholipid Metabolism",h_c + ctp_c + pa_hs_16_0_18_2_c  -> cdpdag_hs_16_0_18_2_c + ppi_c,Cds1_AT1,0,0,0,0,0,0,0.00978535888891146,0,0.00974667744444797,0,0,Unchanged,iAB-RBC-283 model metadata; COBRA pFBA/FVA; model-defined GTHPi demand,0
AGPAT1_18_2_18_1,"1-acylglycerol-3-phosphate O-acyltransferase 1 (C18:2,C18:1)","Diacylglycerol Synthesis",alpa_hs_18_2_c + odecoa_c  -> coa_c + pa_hs_18_2_18_1_c,Agpat3_AT2 or Agpat5_AT1 or Agpat3_AT1 or Agpat6_AT1 or Agpat1_AT1 or Agpat2_AT1 or Agpat4_AT1,-1.60220258381082e-16,0,1.60220258381082e-16,1.60220258381082e-16,-1.60220258381082e-16,0,0.00489267944444947,0,0.00487333872229239,0,0,Unchanged,iAB-RBC-283 model metadata; COBRA pFBA/FVA; model-defined GTHPi demand,0
CDS_18_1_18_1,"Phosphatidate cytidylyltransferase (C18:1,C18:1)","Glycerophospholipid Metabolism",h_c + ctp_c + pa_hs_18_1_18_1_c  -> cdpdag_hs_18_1_18_1_c + ppi_c,Cds1_AT1,0,0,0,0,0,0,0.00978535888891146,0,0.00974667744444797,0,0,Unchanged,iAB-RBC-283 model metadata; COBRA pFBA/FVA; model-defined GTHPi demand,0
CDS_18_1_18_2,"Phosphatidate cytidylyltransferase (C18:1,C18:2)","Glycerophospholipid Metabolism",h_c + ctp_c + pa_hs_18_1_18_2_c  -> cdpdag_hs_18_1_18_2_c + ppi_c,Cds1_AT1,3.32859514390364e-16,0,-3.32859514390364e-16,3.32859514390364e-16,-3.32859514390364e-16,0,0.00978535888881433,0,0.00974667744444698,0,0,Unchanged,iAB-RBC-283 model metadata; COBRA pFBA/FVA; model-defined GTHPi demand,0
EX_mepi_e,"Metanephrine exchange","Extracellular exchange",mepi_e  ->,,-0,-0,0,0,0,-0,0.0378,-0,0.0378,0,0,Unchanged,iAB-RBC-283 model metadata; COBRA pFBA/FVA; model-defined GTHPi demand,0
EX_met__L_e,"L-Methionine exchange","Extracellular exchange",met__L_e  <=>,,0,0,0,0,0,-0.00978535888887953,0,-0.00974667744446434,0,0,0,Unchanged,iAB-RBC-283 model metadata; COBRA pFBA/FVA; model-defined GTHPi demand,0
EX_na1_e,"Sodium exchange","Extracellular exchange",na1_e  <=>,,0,0,0,0,0,-0,-0,-0,-0,0,0,Unchanged,iAB-RBC-283 model metadata; COBRA pFBA/FVA; model-defined GTHPi demand,0
CDS_18_2_16_0,"Phosphatidate cytidylyltransferase (C18:2,C16:0)","Glycerophospholipid Metabolism",h_c + ctp_c + pa_hs_18_2_16_0_c  -> cdpdag_hs_18_2_16_0_c + ppi_c,Cds1_AT1,0,0,0,0,0,0,0.0097853588888927,0,0.00974667744446027,0,0,Unchanged,iAB-RBC-283 model metadata; COBRA pFBA/FVA; model-defined GTHPi demand,0
AHCi,"Adenosylhomocysteinase","Methionine Metabolism",ahcys_c + h2o_c  <=> adn_c + hcys__L_c,Ahcy_AT1,0,0,0,0,0,0,0.00978535888887953,0,0.00974667744446434,0,0,Unchanged,iAB-RBC-283 model metadata; COBRA pFBA/FVA; model-defined GTHPi demand,0
CDS_18_2_18_1,"Phosphatidate cytidylyltransferase (C18:2,C18:1)","Glycerophospholipid Metabolism",h_c + ctp_c + pa_hs_18_2_18_1_c  -> cdpdag_hs_18_2_18_1_c + ppi_c,Cds1_AT1,0,0,0,0,0,0,0.00978535888895001,0,0.00974667744442906,0,0,Unchanged,iAB-RBC-283 model metadata; COBRA pFBA/FVA; model-defined GTHPi demand,0
CGMPt,"CGMP transport (ATP-dependent)","Transport, Extracellular",35cgmp_c + atp_c + h2o_c  -> adp_c + pi_c + h_c + 35cgmp_e,Abcc4_1_e,1.57772181044202e-30,0,-1.57772181044202e-30,1.57772181044202e-30,-1.57772181044202e-30,0,0.00303683551724459,0,0.00302483093104369,0,0,Unchanged,iAB-RBC-283 model metadata; COBRA pFBA/FVA; model-defined GTHPi demand,0
EX_nac_e,"Nicotinate exchange","Extracellular exchange",nac_e  <=>,,-0,0,0,0,0,-0.001,-0,-0.000999999999999996,-0,0,0,Unchanged,iAB-RBC-283 model metadata; COBRA pFBA/FVA; model-defined GTHPi demand,0
ALAt4,"Alanine-Sodium symporter","Transport, Extracellular",ala__L_e + na1_e  <=> ala__L_c + na1_c,Slc7a3_AT1 or Slc38a4_AT1 or Slc38a1_AT1 or Slc7a1_AT1 or Slc6a14_AT1 or Slc38a2_AT1 or Slc7a2_AT1,0,0,0,0,0,-0.00838745047620199,0,-0.00855805824391979,0,0,0,Unchanged,iAB-RBC-283 model metadata; COBRA pFBA/FVA; model-defined GTHPi demand,0
EX_ncam_e,"Nicotinamide exchange","Extracellular exchange",ncam_e  ->,,1.97215226305253e-31,-0,-1.97215226305253e-31,1.97215226305253e-31,-1.97215226305253e-31,0,0.001,0,0.001,0,0,Unchanged,iAB-RBC-283 model metadata; COBRA pFBA/FVA; model-defined GTHPi demand,0
EX_nh4_e,"Ammonia exchange","Extracellular exchange",nh4_e  <=>,,4.74000000300945e-05,4.74000000370512e-05,6.95674935843535e-15,6.95674935843535e-15,6.95674935843535e-15,-0.000999999999999446,0.0341474000000002,-0.000999999999999446,0.0341474000000002,0,0,Unchanged,iAB-RBC-283 model metadata; COBRA pFBA/FVA; model-defined GTHPi demand,0
EX_normete__L_e,"L-Normetanephrine exchange","Extracellular exchange",normete__L_e  ->,,-0,-0,0,0,0,-0,0.0288,-0,0.0288,0,0,Unchanged,iAB-RBC-283 model metadata; COBRA pFBA/FVA; model-defined GTHPi demand,0
EX_nrpphr_e,"Norepinephrine exchange","Extracellular exchange",nrpphr_e  <=>,,0,0,0,0,0,-0.0288,-0,-0.0288,-0,0,0,Unchanged,iAB-RBC-283 model metadata; COBRA pFBA/FVA; model-defined GTHPi demand,0
CHLP,"Choline phosphate phosphatase","Glycerophospholipid Metabolism",cholp_c + h2o_c  -> pi_c + chol_c,Phospho1_AT1,0,0,0,0,0,0,0.0293560766667864,0,0.0292400323334398,0,0,Unchanged,iAB-RBC-283 model metadata; COBRA pFBA/FVA; model-defined GTHPi demand,0
CHLPCTD,"Choline phosphate cytididyltransferase","Glycerophospholipid Metabolism",h_c + cholp_c + ctp_c  -> cdpchol_c + ppi_c,Pcyt1a_AT1 or Pcyt1b_AT1,-1.20165193785811e-16,2.31111593326468e-32,1.20165193785811e-16,1.20165193785811e-16,-1.20165193785811e-16,0,0.00489267944444947,0,0.00487333872221843,0,0,Unchanged,iAB-RBC-283 model metadata; COBRA pFBA/FVA; model-defined GTHPi demand,0
EX_o2_e,"O2 exchange","Extracellular exchange",o2_e  <=>,,0,0,0,0,0,-0.0171727614999767,5.0000775,-0.0169053548499601,4.59027736699998,0,0,Unchanged,iAB-RBC-283 model metadata; COBRA pFBA/FVA; model-defined GTHPi demand,0
EX_ocdcea_e,"Octadecenoate (n-C18:1) exchange","Extracellular exchange",ocdcea_e  <=>,,2.40330387571623e-16,-4.77623103044189e-32,-2.40330387571623e-16,2.40330387571623e-16,-2.40330387571623e-16,-0.006,0,-0.006,0,0,0,Unchanged,iAB-RBC-283 model metadata; COBRA pFBA/FVA; model-defined GTHPi demand,0
CHOLK,"Choline kinase","Glycerophospholipid Metabolism",atp_c + chol_c  -> adp_c + h_c + cholp_c,Chkl_AT2 or Chkl_AT1 or Chk_AT2 or Chk_AT1,-1.20165193785811e-16,2.31111593326468e-32,1.20165193785811e-16,1.20165193785811e-16,-1.20165193785811e-16,0,0.0293560766667264,0,0.0292400323333867,0,0,Unchanged,iAB-RBC-283 model metadata; COBRA pFBA/FVA; model-defined GTHPi demand,0
ALDD2x,"Aldehyde dehydrogenase (acetaldehyde, NAD)","Glycolysis/Gluconeogenesis",acald_c + h2o_c + nad_c  -> ac_c + 2 h_c + nadh_c,Aldh1a2_AT2 or Aldh3a1_AT1 or Aldh9a1_AT1 or Aldh1a1_AT1,0,0,0,0,0,0,3.74e-05,0,3.74e-05,0,0,Unchanged,iAB-RBC-283 model metadata; COBRA pFBA/FVA; model-defined GTHPi demand,0
CHOLt4,"Choline, sodium cotransport","Transport, Extracellular",chol_e + na1_e  <=> chol_c + na1_c,Slc5a7_AT1,-1.20165193785811e-16,2.31111593326468e-32,1.20165193785811e-16,1.20165193785811e-16,-1.20165193785811e-16,-0,0.00419372523810878,-0,0.004177147476204,0,0,Unchanged,iAB-RBC-283 model metadata; COBRA pFBA/FVA; model-defined GTHPi demand,0
CO2t,"CO2 transporter via diffusion","Transport, Extracellular",co2_e  <=> co2_c,,5.37112293333345,5.06312271166678,-0.308000221666672,0.308000221666672,-0.308000221666672,4.85914254999923,5.87112293333346,4.80172254999946,5.09236274400016,1,1,Decreased,iAB-RBC-283 model metadata; COBRA pFBA/FVA; model-defined GTHPi demand,11.0642240704109
COt,"CO transporter via diffusion","Transport, Extracellular",co_c  <=> co_e,,0,0,0,0,0,-0,0.0025,-0,0.0025,0,0,Unchanged,iAB-RBC-283 model metadata; COBRA pFBA/FVA; model-defined GTHPi demand,0
EX_orot_e,"Orotate exchange","Extracellular exchange",orot_e  <=>,,-0,-0,0,0,0,-0.00629058785714067,-1.04129639489174e-28,-0.00626572121430759,-0,0,0,Unchanged,iAB-RBC-283 model metadata; COBRA pFBA/FVA; model-defined GTHPi demand,0
EX_phe__L_e,"L-Phenylalanine exchange","Extracellular exchange",phe__L_e  <=>,,-0,-0,0,0,0,-0,-0,-0,-0,0,0,Unchanged,iAB-RBC-283 model metadata; COBRA pFBA/FVA; model-defined GTHPi demand,0
EX_pi_e,"Phosphate exchange","Extracellular exchange",pi_e  <=>,,0,0,0,0,0,-0.0293560766667195,0,-0.0292400323333928,0,0,0,Unchanged,iAB-RBC-283 model metadata; COBRA pFBA/FVA; model-defined GTHPi demand,0
EX_ptrc_e,"Putrescine exchange","Extracellular exchange",ptrc_e  ->,,-0,0,0,0,0,-0,0.1152,-0,0.1152,0,0,Unchanged,iAB-RBC-283 model metadata; COBRA pFBA/FVA; model-defined GTHPi demand,0
EX_pydam_e,"Pyridoxamine exchange","Extracellular exchange",pydam_e  <=>,,-0,0,0,0,0,-0.0001,-0,-0.0001,-0,0,0,Unchanged,iAB-RBC-283 model metadata; COBRA pFBA/FVA; model-defined GTHPi demand,0
EX_pydx_e,"Pyridoxal exchange","Extracellular exchange",pydx_e  <=>,,0,0,0,0,0,-0.000155,0.000228,-0.000155,0.000228,0,0,Unchanged,iAB-RBC-283 model metadata; COBRA pFBA/FVA; model-defined GTHPi demand,0
EX_pydxn_e,"Pyridoxine exchange","Extracellular exchange",pydxn_e  <=>,,0,0,0,0,0,-0.000128,0.000255,-0.000128,0.000255,0,0,Unchanged,iAB-RBC-283 model metadata; COBRA pFBA/FVA; model-defined GTHPi demand,0
EX_pyr_e,"Pyruvate exchange","Extracellular exchange",pyr_e  ->,,0.50003740000003,0.750037400000037,0.250000000000007,0.250000000000007,0.250000000000007,0,1.84032931499997,0.574597205999601,1.85755531499995,0,1,Increased,iAB-RBC-283 model metadata; COBRA pFBA/FVA; model-defined GTHPi demand,9.73394398239769
CPPPGO,"Coproporphyrinogen oxidase (O2 required)","Heme Biosynthesis",2 h_c + cpppg3_c + o2_c  -> 2 h2o_c + 2 co2_c + pppg9_c,Cpox_AT1,0,0,0,0,0,0,0.0025,0,0.0025,0,0,Unchanged,iAB-RBC-283 model metadata; COBRA pFBA/FVA; model-defined GTHPi demand,0
AMANK,"N-acetyl-D-mannosamine kinase","Aminosugar Metabolism",acmana_c + atp_c  -> acmanap_c + adp_c + h_c,Nagk_AT1,0,0,0,0,0,0,0.0146780383333417,0,0.0146200161666958,0,0,Unchanged,iAB-RBC-283 model metadata; COBRA pFBA/FVA; model-defined GTHPi demand,0
CYStec,"L-cysteine transport via diffusion (extracellular to cytosol)","Transport, Extracellular",cys__L_e  <=> cys__L_c,Slc43a2_AT1,0,0,0,0,0,0,0.00838745047619754,0,0.0085580582438931,0,0,Unchanged,iAB-RBC-283 model metadata; COBRA pFBA/FVA; model-defined GTHPi demand,0
AMPDA,"Adenosine monophosphate deaminase","Nucleotides",amp_c + h_c + h2o_c  -> imp_c + nh4_c,AmpD3_AT1,3.23499936085096e-16,0,-3.23499936085096e-16,3.23499936085096e-16,-3.23499936085096e-16,0,0.0239999999999997,0,0.0239999999999998,0,0,Unchanged,iAB-RBC-283 model metadata; COBRA pFBA/FVA; model-defined GTHPi demand,0
AP4AH1,"Ap4A hydrolase, asymmetrically","Nucleotides",ap4a_c + h2o_c  -> amp_c + atp_c + 2 h_c,NudT2_AT2 or NudT2_AT1 or NudT2_AT3,-0,-0,0,0,0,0,0,0,0,0,0,Unchanged,iAB-RBC-283 model metadata; COBRA pFBA/FVA; model-defined GTHPi demand,0
CYTK1,"Cytidylate kinase (CMP)","Nucleotides",atp_c + cmp_c  <=> adp_c + cdp_c,UmpK_AT1,2.12694320604553e-16,3.13048251556185e-32,-2.12694320604553e-16,2.12694320604553e-16,-2.12694320604553e-16,0,0.00978535888897704,0,0.00974667744444797,0,0,Unchanged,iAB-RBC-283 model metadata; COBRA pFBA/FVA; model-defined GTHPi demand,0
EX_ribflv_e,"Riboflavin exchange","Extracellular exchange",ribflv_e  <=>,,0,0,0,0,0,-0,-0,-0,-0,0,0,Unchanged,iAB-RBC-283 model metadata; COBRA pFBA/FVA; model-defined GTHPi demand,0
EX_spmd_e,"Spermidine exchange","Extracellular exchange",spmd_e  ->,,-0,0,0,0,0,0,0.00440341149996911,0,0.00438600484998708,0,0,Unchanged,iAB-RBC-283 model metadata; COBRA pFBA/FVA; model-defined GTHPi demand,0
EX_sprm_e,"Spermine exchange","Extracellular exchange",sprm_e  ->,,0,-0,-0,0,0,-0,0.00220170575000344,-0,0.0021930024250005,0,0,Unchanged,iAB-RBC-283 model metadata; COBRA pFBA/FVA; model-defined GTHPi demand,0
D_LACt2,"D lactate transport via proton symport","Transport, Extracellular",h_e + lac__D_e  <=> h_c + lac__D_c,Slc16a1_AT1,0,0,0,0,0,-0.0146780383333921,0,-0.0146200161666967,0,0,0,Unchanged,iAB-RBC-283 model metadata; COBRA pFBA/FVA; model-defined GTHPi demand,0
DAGK_hs_16_0_16_0,"Diacylglycerol phosphate kinase (homo sapiens, C16:0, C16:0)","Glycerophospholipid Metabolism",adp_c + h_c + pa_hs_16_0_16_0_c  <=> atp_c + dag_hs_16_0_16_0_c,Dgkb_AT2 or Dgkz_AT3 or Dgkz_AT1 or Dgkb_AT1 or Dgkb_AT1 or Dgkd_AT2 or Dgkz_AT2 or Dgkd_AT1 or Dgka_AT1 or Dgkq_AT1 or Dgkh_AT2 or Dgki_AT1 or Dgkh_AT1 or Dgkg_AT1 or Dgke_AT1,0,8.19253734839488e-33,8.19253734839488e-33,8.19253734839488e-33,8.19253734839488e-33,-0.0293560766667866,0.00489267944445005,-0.0292400323333877,0.00487333872217162,0,0,Unchanged,iAB-RBC-283 model metadata; COBRA pFBA/FVA; model-defined GTHPi demand,0
ARGN,"Arginase","Urea cycle/amino group metabolism",arg__L_c + h2o_c  -> urea_c + orn_c,Arg1_AT1,0,0,0,0,0,0,0.1152,0,0.1152,0,0,Unchanged,iAB-RBC-283 model metadata; COBRA pFBA/FVA; model-defined GTHPi demand,0
EX_thm_e,"Thiamin exchange","Extracellular exchange",thm_e  <=>,,-0,-0,0,0,0,-6e-05,-0,-6e-05,-0,0,0,Unchanged,iAB-RBC-283 model metadata; COBRA pFBA/FVA; model-defined GTHPi demand,0
EX_thmmp_e,"Thiamin monophosphate exchange","Extracellular exchange",thmmp_e  ->,,0,-0,-0,0,0,-0,6e-05,-0,6e-05,0,0,Unchanged,iAB-RBC-283 model metadata; COBRA pFBA/FVA; model-defined GTHPi demand,0
DAGK_hs_16_0_18_1,"Diacylglycerol phosphate kinase (homo sapiens, C16:0, C18:1)","Glycerophospholipid Metabolism",adp_c + h_c + pa_hs_16_0_18_1_c  <=> atp_c + dag_hs_16_0_18_1_c,Dgkb_AT2 or Dgkz_AT3 or Dgkz_AT1 or Dgkb_AT1 or Dgkb_AT1 or Dgkd_AT2 or Dgkz_AT2 or Dgkd_AT1 or Dgka_AT1 or Dgkq_AT1 or Dgkh_AT2 or Dgki_AT1 or Dgkh_AT1 or Dgkg_AT1 or Dgke_AT1,0,2.31111593326468e-32,2.31111593326468e-32,2.31111593326468e-32,2.31111593326468e-32,-0.0293560766666783,0.00489267944443855,-0.0292400323333935,0.00487333872228731,0,0,Unchanged,iAB-RBC-283 model metadata; COBRA pFBA/FVA; model-defined GTHPi demand,0
DAGK_hs_16_0_18_2,"Diacylglycerol phosphate kinase (homo sapiens, C16:0, C18:2)","Glycerophospholipid Metabolism",adp_c + h_c + pa_hs_16_0_18_2_c  <=> atp_c + dag_hs_16_0_18_2_c,Dgkb_AT2 or Dgkz_AT3 or Dgkz_AT1 or Dgkb_AT1 or Dgkb_AT1 or Dgkd_AT2 or Dgkz_AT2 or Dgkd_AT1 or Dgka_AT1 or Dgkq_AT1 or Dgkh_AT2 or Dgki_AT1 or Dgkh_AT1 or Dgkg_AT1 or Dgke_AT1,4.00550645952707e-17,0,-4.00550645952707e-17,4.00550645952707e-17,-4.00550645952707e-17,-0.0293560766666783,0.00489267944447954,-0.0292400323333935,0.0048733387222267,0,0,Unchanged,iAB-RBC-283 model metadata; COBRA pFBA/FVA; model-defined GTHPi demand,0
ARGt5r,"ARGtiDF","Transport, Extracellular",arg__L_e  <=> arg__L_c,,-0,0,0,0,0,0,0.1152,0,0.1152,0,0,Unchanged,iAB-RBC-283 model metadata; COBRA pFBA/FVA; model-defined GTHPi demand,0
DAGK_hs_18_1_18_1,"Diacylglycerol phosphate kinase (homo sapiens, C18:1,C18:1)","Glycerophospholipid Metabolism",adp_c + h_c + pa_hs_18_1_18_1_c  <=> atp_c + dag_hs_18_1_18_1_c,Dgkb_AT2 or Dgkz_AT3 or Dgkz_AT1 or Dgkb_AT1 or Dgkb_AT1 or Dgkd_AT2 or Dgkz_AT2 or Dgkd_AT1 or Dgka_AT1 or Dgkq_AT1 or Dgkh_AT2 or Dgki_AT1 or Dgkh_AT1 or Dgkg_AT1 or Dgke_AT1,-8.0110129190541e-17,3.59494384345875e-33,8.0110129190541e-17,8.0110129190541e-17,-8.0110129190541e-17,-0.0293560766666783,0.0048926794444474,-0.0292400323333935,0.00487333872226572,0,0,Unchanged,iAB-RBC-283 model metadata; COBRA pFBA/FVA; model-defined GTHPi demand,0
DAGK_hs_18_1_18_2,"Diacylglycerol phosphate kinase (homo sapiens, C18:1,C18:2)","Glycerophospholipid Metabolism",adp_c + h_c + pa_hs_18_1_18_2_c  <=> atp_c + dag_hs_18_1_18_2_c,Dgkb_AT2 or Dgkz_AT3 or Dgkz_AT1 or Dgkb_AT1 or Dgkb_AT1 or Dgkd_AT2 or Dgkz_AT2 or Dgkd_AT1 or Dgka_AT1 or Dgkq_AT1 or Dgkh_AT2 or Dgki_AT1 or Dgkh_AT1 or Dgkg_AT1 or Dgke_AT1,-2.52749385199823e-16,0,2.52749385199823e-16,2.52749385199823e-16,-2.52749385199823e-16,-0.0293560766666946,0.00489267944447708,-0.0292400323333928,0.00487333872225244,0,0,Unchanged,iAB-RBC-283 model metadata; COBRA pFBA/FVA; model-defined GTHPi demand,0
CEPTE_16_0_16_0,"Ethanolamine phosphotransferase (C16:0,C16:0)","Glycerophospholipid Metabolism",cdpea_c + dag_hs_16_0_16_0_c  -> pe_hs_16_0_16_0_c + h_c + cmp_c,10390_AT1,0,8.19253734839488e-33,8.19253734839488e-33,8.19253734839488e-33,8.19253734839488e-33,0,0.00419372523810183,0,0.00417714747620334,0,0,Unchanged,iAB-RBC-283 model metadata; COBRA pFBA/FVA; model-defined GTHPi demand,0
EX_urea_e,"Urea exchange","Extracellular exchange",urea_e  ->,,-0,-0,0,0,0,-0,0.1152,-0,0.1152,0,0,Unchanged,iAB-RBC-283 model metadata; COBRA pFBA/FVA; model-defined GTHPi demand,0
EX_uri_e,"Uridine exchange","Extracellular exchange",uri_e  ->,,-2.76360669670705e-17,-0,2.76360669670705e-17,2.76360669670705e-17,-2.76360669670705e-17,-0,0.00629058785718125,5.66768854071145e-14,0.00626572121430759,0,0,Unchanged,iAB-RBC-283 model metadata; COBRA pFBA/FVA; model-defined GTHPi demand,0
ASCBt,"L-ascorbate transport via facilitated diffusion","Transport, Extracellular",ascb__L_e  <=> ascb__L_c,,-0,-0,0,0,0,-0.1111,0,-0.1111,0,0,0,Unchanged,iAB-RBC-283 model metadata; COBRA pFBA/FVA; model-defined GTHPi demand,0
DAGK_hs_18_2_16_0,"Diacylglycerol phosphate kinase (homo sapiens, C18:2,C16:0)","Glycerophospholipid Metabolism",atp_c + dag_hs_18_2_16_0_c  <=> adp_c + h_c + pa_hs_18_2_16_0_c,Dgkb_AT2 or Dgkz_AT3 or Dgkz_AT1 or Dgkb_AT1 or Dgkb_AT1 or Dgkd_AT2 or Dgkz_AT2 or Dgkd_AT1 or Dgka_AT1 or Dgkq_AT1 or Dgkh_AT2 or Dgki_AT1 or Dgkh_AT1 or Dgkg_AT1 or Dgke_AT1,0,3.59381536888196e-33,3.59381536888196e-33,3.59381536888196e-33,3.59381536888196e-33,-0.00489267944443411,0.0293560766666783,-0.00487333872226519,0.0292400323333528,0,0,Unchanged,iAB-RBC-283 model metadata; COBRA pFBA/FVA; model-defined GTHPi demand,0
DAGK_hs_18_2_18_1,"Diacylglycerol phosphate kinase (homo sapiens, C18:2,C18:1)","Glycerophospholipid Metabolism",atp_c + dag_hs_18_2_18_1_c  <=> adp_c + h_c + pa_hs_18_2_18_1_c,Dgkb_AT2 or Dgkz_AT3 or Dgkz_AT1 or Dgkb_AT1 or Dgkb_AT1 or Dgkd_AT2 or Dgkz_AT2 or Dgkd_AT1 or Dgka_AT1 or Dgkq_AT1 or Dgkh_AT2 or Dgki_AT1 or Dgkh_AT1 or Dgkg_AT1 or Dgke_AT1,1.60220258381082e-16,0,-1.60220258381082e-16,1.60220258381082e-16,-1.60220258381082e-16,-0.00489267944444947,0.0293560766667675,-0.00487333872229239,0.0292400323333934,0,0,Unchanged,iAB-RBC-283 model metadata; COBRA pFBA/FVA; model-defined GTHPi demand,0
BANDMT,"Band membrane protein-methyltransferase","Methionine Metabolism",amet_c + band_c  <=> ahcys_c + bandmt_c + h_c,,0,0,0,0,0,-0.0440341150000729,0.00978535888887953,-0.0438600485000895,0.00974667744446434,0,0,Unchanged,iAB-RBC-283 model metadata; COBRA pFBA/FVA; model-defined GTHPi demand,0
DGULND,"Dehydro-L-gulonate decarboxylase","Pentose and Glucuronate Interconversions",3dhguln_c + h_c  <=> co2_c + xylu__L_c,,-7.88860905221012e-31,0,7.88860905221012e-31,7.88860905221012e-31,-7.88860905221012e-31,6.75264934869186e-28,0.0125811757143325,0,0.0109650121250439,0,0,Unchanged,iAB-RBC-283 model metadata; COBRA pFBA/FVA; model-defined GTHPi demand,0
SK_adprbp_c,"Demand for Adenosine-5'-Diphosphate-D-Ribose 2-Phosphate","Intracellular source/sink",adprbp_c  <=>,,0,0,0,0,0,-5.04870979341448e-29,0.00284091064517673,1.21169035041947e-27,0.00282968054839611,0,0,Unchanged,iAB-RBC-283 model metadata; COBRA pFBA/FVA; model-defined GTHPi demand,0
DHAAt1r,"Dehydroascorbate transport (uniport)","Transport, Extracellular",dhdascb_e  <=> dhdascb_c,Slc2a1_1_e,0,0,0,0,0,0,0.1111,0,0.1111,0,0,Unchanged,iAB-RBC-283 model metadata; COBRA pFBA/FVA; model-defined GTHPi demand,0
BILGLCURt,"Bilirubin monoglucuronide transport via bicarbonate countertransport","Transport, Extracellular",hco3_c + bilglcur_e  <=> bilglcur_c + hco3_e,Slco1b3_AT1 or Slco1b1_AT1,0,0,0,0,0,-0.0025,0,-0.0025,0,0,0,Unchanged,iAB-RBC-283 model metadata; COBRA pFBA/FVA; model-defined GTHPi demand,0
DM_nadh,"Demand NADH","&apos;",nadh_c  -> h_c + nad_c,,0,0,0,0,0,0,1.09404191500001,0,1.11126791500014,0,0,Unchanged,iAB-RBC-283 model metadata; COBRA pFBA/FVA; model-defined GTHPi demand,0
SK_akg_c,"Sink akg(c)","Intracellular source/sink",akg_c  <=>,,0,0,0,0,0,-0,0.00440341150000689,-0,0.00438600485000099,0,0,Unchanged,iAB-RBC-283 model metadata; COBRA pFBA/FVA; model-defined GTHPi demand,0
SK_band_c,"Sink band(c)","Intracellular source/sink",band_c  <=>,,0,0,0,0,0,-0.00978535888887953,0.0440341150000729,-0.00974667744446434,0.0438600485000895,0,0,Unchanged,iAB-RBC-283 model metadata; COBRA pFBA/FVA; model-defined GTHPi demand,0
SK_bandmt_c,"Demand for Band Membrane Protein (Methylated, Universal, Erythrocyte -> 2.1,3,4.1)","Intracellular source/sink",bandmt_c  <=>,,0,0,0,0,0,-0.0440341150000729,0.00978535888887953,-0.0438600485000895,0.00974667744446434,0,0,Unchanged,iAB-RBC-283 model metadata; COBRA pFBA/FVA; model-defined GTHPi demand,0
BILIRBU,"Bilirubin UDP-glucuronosyltransferase","Heme Degradation",bilirub_c + 2 h_c + udpglcur_c  -> bilglcur_c + udp_c,Ugt1A1_AT1 or Ugt1A4_AT1,0,0,0,0,0,0,0.0025,0,0.0025,0,0,Unchanged,iAB-RBC-283 model metadata; COBRA pFBA/FVA; model-defined GTHPi demand,0
SK_for_c,"Sink for(c)","Intracellular source/sink",for_c  <=>,,0,0,0,0,0,-0,0.00440341150000689,-0,0.00438600485000099,0,0,Unchanged,iAB-RBC-283 model metadata; COBRA pFBA/FVA; model-defined GTHPi demand,0
SK_mi1345p_c,"Demand for 1D-Myo-Inositol 1,3,4,5-Tetrakisphosphate","Intracellular source/sink",mi1345p_c  <=>,,0,0,0,0,0,-0.0110235287498223,0.0293560766663661,-0.0109800121251129,0.0292400323334899,0,0,Unchanged,iAB-RBC-283 model metadata; COBRA pFBA/FVA; model-defined GTHPi demand,0
SK_mi134p_c,"Demand for 1D-Myo-Inositol 1,3,4-Trisphosphate","Intracellular source/sink",mi134p_c  <=>,,0,0,0,0,0,-0,0.0293560766667205,-0,0.0292400323333917,0,0,Unchanged,iAB-RBC-283 model metadata; COBRA pFBA/FVA; model-defined GTHPi demand,0
DOPAMT,"Dopamine:amet O-methyltransferase","Tyrosine metabolism",amet_c + dopa_c  -> 3moxtyr_c + ahcys_c + h_c,Comt_AT1 or Comt_AT2,0,0,0,0,0,0,0.0324,0,0.0324,0,0,Unchanged,iAB-RBC-283 model metadata; COBRA pFBA/FVA; model-defined GTHPi demand,0
DOPAtu,"Dopamine uniport","Transport, Extracellular",dopa_e  <=> dopa_c,Slc22a2_AT1 or Slc22a2_AT2 or Slc22a3_AT1,0,0,0,0,0,0,0.0324,0,0.0324,0,0,Unchanged,iAB-RBC-283 model metadata; COBRA pFBA/FVA; model-defined GTHPi demand,0
SK_mi145p_c,"Demand for 1D-Myo-Inositol 1,4,5-Trisphosphate","Intracellular source/sink",mi145p_c  <=>,,3.32859514390364e-16,2.18388904839454e-17,-3.11020623906419e-16,3.11020623906419e-16,-3.11020623906419e-16,-0.0587121533333383,0.00366950958334841,-0.0584800646668832,0.00365500404167774,0,0,Unchanged,iAB-RBC-283 model metadata; COBRA pFBA/FVA; model-defined GTHPi demand,0
BILIRED,"Nad(p)h biliverdin reductase","Heme Degradation",biliverd_c + h_c + nadph_c  -> bilirub_c + nadp_c,Blvra_AT1,0,0,0,0,0,0,0.0025,0,0.0025,0,0,Unchanged,iAB-RBC-283 model metadata; COBRA pFBA/FVA; model-defined GTHPi demand,0
SK_mi14p_c,"Demand for (1R,2R,3R,4R,5R,6S)-2,3,5,6-Tetrahydroxy-4-(Phosphonatooxy)Cyclohexyl Phosphate","Intracellular source/sink",mi14p_c  <=>,,0,0,0,0,0,-0,0.029356076666717,-0,0.0292400323333933,0,0,Unchanged,iAB-RBC-283 model metadata; COBRA pFBA/FVA; model-defined GTHPi demand,0
SK_pchol_hs_16_0_16_0_c,"Sink pchol hs 16 0 16 0(c)","Intracellular source/sink",pchol_hs_16_0_16_0_c  <=>,,-4.00550645952705e-17,1.02728802307061e-33,4.00550645952705e-17,4.00550645952705e-17,-4.00550645952705e-17,-0.00309011333333293,0.00419372523810507,-0.00307789814036043,0.00417714747620466,0,0,Unchanged,iAB-RBC-283 model metadata; COBRA pFBA/FVA; model-defined GTHPi demand,0
SK_pchol_hs_16_0_18_1_c,"Sink pchol hs 16 0 18 1(c)","Intracellular source/sink",pchol_hs_16_0_18_1_c  <=>,,0,0,0,0,0,-0.00489267944438111,0.00489267944440667,-0.00487333872222919,0.00487333872225763,0,0,Unchanged,iAB-RBC-283 model metadata; COBRA pFBA/FVA; model-defined GTHPi demand,0
SK_pchol_hs_16_0_18_2_c,"Sink pchol hs 16 0 18 2(c)","Intracellular source/sink",pchol_hs_16_0_18_2_c  <=>,,0,0,0,0,0,-0.00489267944445135,0.00489267944449355,-0.00487333872222023,0.00487333872220354,0,0,Unchanged,iAB-RBC-283 model metadata; COBRA pFBA/FVA; model-defined GTHPi demand,0
DPGM,"Diphosphoglyceromutase","Glycolysis/Gluconeogenesis",13dpg_c  <=> 23dpg_c + h_c,Bpgm_AT2 or Bpgm_AT1,0,0,0,0,0,2.72630328844382e-27,0.0293560766667726,6.86624531904369e-27,0.0292400323333926,0,0,Unchanged,iAB-RBC-283 model metadata; COBRA pFBA/FVA; model-defined GTHPi demand,0
C160CPT1,"Carnitine O-palmitoyltransferase","Carnitine shuttle",pmtcoa_c + crn_c  -> coa_c + pmtcrn_c,Cpt1a_AT1,0,0,0,0,0,0,1000,0,1000,0,0,Unchanged,iAB-RBC-283 model metadata; COBRA pFBA/FVA; model-defined GTHPi demand,0
DPGase,"Diphosphoglycerate phosphatase","Glycolysis/Gluconeogenesis",23dpg_c + h2o_c  -> 3pg_c + pi_c,Bpgm_AT2 or Bpgm_AT1,0,0,0,0,0,0,0.0293560766667726,0,0.0292400323333926,0,0,Unchanged,iAB-RBC-283 model metadata; COBRA pFBA/FVA; model-defined GTHPi demand,0
C160CPT2rbc,"C160 reverse","Carnitine shuttle",coa_c + pmtcrn_c  -> pmtcoa_c + crn_c,Cpt2_AT1,0,0,0,0,0,0,1000,0,1000,0,0,Unchanged,iAB-RBC-283 model metadata; COBRA pFBA/FVA; model-defined GTHPi demand,0
ENO,"Enolase","Glycolysis/Gluconeogenesis",2pg_c  <=> pep_c + h2o_c,Eno1_AT1,2.92556146666673,2.9139614223334,-0.0116000443333255,0.0116000443333255,-0.0116000443333255,2.89620539,2.92556146666673,2.88472139000007,2.91467459385372,1,1,Decreased,iAB-RBC-283 model metadata; COBRA pFBA/FVA; model-defined GTHPi demand,4.26605601760247
GTHS,"Glutathione synthetase","Glutathione Metabolism",atp_c + glucys_c + gly_c  -> adp_c + gthrd_c + pi_c + h_c,Gss_AT1,0,0,0,0,0,0,0.00838745047619754,0,0.0085580582438931,0,0,Unchanged,iAB-RBC-283 model metadata; COBRA pFBA/FVA; model-defined GTHPi demand,0
GUACYC,"Guanylate cyclase","Nucleotides",gtp_c  -> 35cgmp_c + ppi_c,Gucy2D_AT1 or Gucy1A2B3_AT1 or Gucy1A2B2_AT1 or Gucy1A3B2_AT1 or Gucy2F_AT1 or Npr2_AT1 or Gucy1A3B3_AT1 or Gucy2C_AT1 or Npr2_AT2 or Npr1_AT1,0,-1.07419494964583e-31,-1.07419494964583e-31,1.07419494964583e-31,1.07419494964583e-31,0,0.00303683551724459,0,0.00302483093104369,0,0,Unchanged,iAB-RBC-283 model metadata; COBRA pFBA/FVA; model-defined GTHPi demand,0
GUAPRT,"Guanine phosphoribosyltransferase","Salvage Pathway",gua_c + prpp_c  -> gmp_c + ppi_c,HprT1_AT1,0,0,0,0,0,0,0.0146780383332353,0,0.0146200161667096,0,0,Unchanged,iAB-RBC-283 model metadata; COBRA pFBA/FVA; model-defined GTHPi demand,0
ETHAt,"Ethanolamine transport via diffusion  extracellular","Transport, Extracellular",etha_e  <=> etha_c,,-9.86076131526265e-32,2.17001899534678e-32,1.20307803106094e-31,1.20307803106094e-31,-7.69074231991587e-32,0,0.00419372523810878,0,0.00417714747620749,0,0,Unchanged,iAB-RBC-283 model metadata; COBRA pFBA/FVA; model-defined GTHPi demand,0
ENOPH,"Enolase-phosphatase E1","Methionine Salvage",h2o_c + dkmpp_c  -> pi_c + dhmtp_c,58478,0,0,0,0,0,0,0.00440341150000689,0,0.00438600485000099,0,0,Unchanged,iAB-RBC-283 model metadata; COBRA pFBA/FVA; model-defined GTHPi demand,0
ETHP,"Ethanolamine phosphate phosphatase","Glycerophospholipid Metabolism",h2o_c + ethamp_c  -> pi_c + etha_c,Phospho1_AT1,0,0,0,0,0,0,0.0293560766667856,0,0.0292400323333928,0,0,Unchanged,iAB-RBC-283 model metadata; COBRA pFBA/FVA; model-defined GTHPi demand,0
GULND,"Gulonate dehydrogenase","Pentose and Glucuronate Interconversions",glcur_c + h_c + nadph_c  <=> guln__L_c + nadp_c,,-7.88860905221012e-31,0,7.88860905221012e-31,7.88860905221012e-31,-7.88860905221012e-31,6.75264934869186e-28,0.0125811757143325,0,0.0109650121250439,0,0,Unchanged,iAB-RBC-283 model metadata; COBRA pFBA/FVA; model-defined GTHPi demand,0
NDPK1,"Nucleoside-diphosphate kinase (ATP:GDP)","Nucleotides",atp_c + gdp_c  <=> adp_c + gtp_c,NME12_AT2 or NME12_AT1 or NME3_AT1 or NME7_AT2 or NME6_AT1 or NME7_AT1,1.57772181044202e-30,-1.07419494964583e-31,-1.68514130540661e-30,1.68514130540661e-30,-1.47030231547744e-30,0,0.00303683551724459,0,0.00302483093104369,0,0,Unchanged,iAB-RBC-283 model metadata; COBRA pFBA/FVA; model-defined GTHPi demand,0
FACOAL160,"Fatty acid  CoA ligase  hexadecanoate","Fatty acid activation",atp_c + hdca_c + coa_c  <=> amp_c + pmtcoa_c + ppi_c,Acsl1_AT1,4.00550645952707e-17,3.59024186605546e-32,-4.00550645952707e-17,4.00550645952707e-17,-4.00550645952707e-17,0,0.00978535888890009,0,0.00974667744434324,0,0,Unchanged,iAB-RBC-283 model metadata; COBRA pFBA/FVA; model-defined GTHPi demand,0
FACOAL181,"Fatty acid  CoA ligase  octadecenoate","Fatty acid activation",atp_c + coa_c + ocdcea_c  <=> amp_c + ppi_c + odecoa_c,Acsl1_AT1,-2.40330387571623e-16,3.03010470195643e-32,2.40330387571623e-16,2.40330387571623e-16,-2.40330387571623e-16,0,0.0097853588888948,0,0.00974667744453144,0,0,Unchanged,iAB-RBC-283 model metadata; COBRA pFBA/FVA; model-defined GTHPi demand,0
FACOAL1821,"Linoleic acid:CoA ligase (AMP-forming)","Fatty acid activation",atp_c + coa_c + lnlc_c  <=> amp_c + ppi_c + lnlccoa_c,Acsl1_AT1,-4.00550645952705e-17,-3.59494384345875e-33,4.00550645952704e-17,4.00550645952704e-17,-4.00550645952704e-17,0,0.00489267944445199,0,0.00487333872223515,0,0,Unchanged,iAB-RBC-283 model metadata; COBRA pFBA/FVA; model-defined GTHPi demand,0
H2O2t,"Hydrogen peroxide transport via diffusion","Transport, Extracellular",h2o2_e  <=> h2o2_c,,0.5,0.819600266000039,0.319600266000039,0.319600266000039,0.319600266000039,-0.000611,10,0.818989266000039,10,0,1,Increased,iAB-RBC-283 model metadata; COBRA pFBA/FVA; model-defined GTHPi demand,11.3302800880143
FADDP,"FAD diphosphatase","Riboflavin Metabolism",h2o_c + fad_c  -> fmn_c + amp_c + 2 h_c,EnpP1_AT1,0,0,0,0,0,0,0.0146780383332119,0,0.0146200161667379,0,0,Unchanged,iAB-RBC-283 model metadata; COBRA pFBA/FVA; model-defined GTHPi demand,0
NDPK2,"Nucleoside-diphosphate kinase (ATP:UDP)","Nucleotides",atp_c + udp_c  <=> adp_c + utp_c,NME3_AT1 or NME6_AT1 or NME7_AT2 or NME7_AT1 or NME12_AT2 or NME12_AT1,2.76360669670697e-17,0,-2.76360669670697e-17,2.76360669670697e-17,-2.76360669670697e-17,-3.99400276313398e-27,0.0125811757143154,3.02922587604869e-27,0.0109650121250215,0,0,Unchanged,iAB-RBC-283 model metadata; COBRA pFBA/FVA; model-defined GTHPi demand,0
NDPK3,"Nucleoside-diphosphate kinase (ATP:CDP)","Nucleotides",atp_c + cdp_c  <=> adp_c + ctp_c,NME7_AT2 or NME7_AT1 or NME3_AT1 or NME12_AT2 or NME6_AT1 or NME12_AT1,2.12694320604553e-16,4.48113963058887e-32,-2.12694320604553e-16,2.12694320604553e-16,-2.12694320604553e-16,0,0.00978535888897704,0,0.00974667744444797,0,0,Unchanged,iAB-RBC-283 model metadata; COBRA pFBA/FVA; model-defined GTHPi demand,0
NH4t3r,"Ammonia transport via proton antiport","Transport, Extracellular",nh4_c + h_e  <=> h_c + nh4_e,Rhbg_1_e or Rhag_1_e,4.74000000300945e-05,4.74000000370512e-05,6.95674935843535e-15,6.95674935843535e-15,6.95674935843535e-15,-0.001,0.0341474000000002,-0.00100000000000013,0.0341474000000002,0,0,Unchanged,iAB-RBC-283 model metadata; COBRA pFBA/FVA; model-defined GTHPi demand,0
FBA,"Fructose-bisphosphate aldolase","Glycolysis/Gluconeogenesis",fdp_c  <=> g3p_c + dhap_c,Aldoc_AT1 or Aldoa_AT2 or Aldoa_AT1 or Aldoa_AT3,1.4611140666667,1.44951402233336,-0.0116000443333324,0.0116000443333324,-0.0116000443333324,1.43175798999993,1.4611140666667,1.42027398999999,1.45022719385369,1,1,Decreased,iAB-RBC-283 model metadata; COBRA pFBA/FVA; model-defined GTHPi demand,4.26605601760262
FBP26,"Fructose 2 6 bisphosphate 2 phosphatase","Fructose and Mannose Metabolism",h2o_c + f26bp_c  -> pi_c + f6p_c,Pfkfb4_AT1 or Pfkfb1_AT1 or Pfkfb3_AT1 or Pfkfb2_AT1 or Fbp2_AT1 or Fbp1_AT1,0,0,0,0,0,0,0.0293560766666783,0,0.0292400323333919,0,0,Unchanged,iAB-RBC-283 model metadata; COBRA pFBA/FVA; model-defined GTHPi demand,0
H2Ot,"H2O transport via diffusion","Transport, Extracellular",h2o_e  <=> h2o_c,Slc5a1_1_e,4.88120773333351,4.50360724566682,-0.377600487666695,0.377600487666695,-0.377600487666695,-4.7680726499999,6.29976621000012,-4.82549264999964,4.67204967800028,0,0,Decreased,iAB-RBC-283 model metadata; COBRA pFBA/FVA; model-defined GTHPi demand,12.6605601760273
HCO3E,"HCO3 equilibration reaction","Miscellaneous",h2o_c + co2_c  <=> h_c + hco3_c,Ca1_AT1 or Ca2_AT1 or Ca3_AT1,5.87112293333345,5.8479228446668,-0.023200088666651,0.023200088666651,-0.023200088666651,5.80402332952387,5.87112293333346,5.78088472175611,5.84792284466673,1,1,Decreased,iAB-RBC-283 model metadata; COBRA pFBA/FVA; model-defined GTHPi demand,4.53211203520493
NICRNS,"Nicotinate D-ribonucleotide synthase (ATP)","NAD Metabolism",atp_c + nicrns_c  -> adp_c + h_c + nicrnt_c,,0,0,0,0,0,0,0.0293560766667819,0,0.0292400323333926,0,0,Unchanged,iAB-RBC-283 model metadata; COBRA pFBA/FVA; model-defined GTHPi demand,0
HCO3_CLt,"Bicarbonate transport (Cl-/HCO3- exchange)","Transport, Extracellular",cl_c + hco3_e  <=> hco3_c + cl_e,Slc4a1_1_e,-5.87112293333345,-5.8479228446668,0.023200088666651,0.023200088666651,-0.023200088666651,-5.87112293333347,-5.8040233295238,-5.84792284466673,-5.78088472175611,1,1,Decreased,iAB-RBC-283 model metadata; COBRA pFBA/FVA; model-defined GTHPi demand,4.53211203520493
HCYSte,"Homocysteine transport (extracellular)","Transport, Extracellular",hcys__L_e  <=> hcys__L_c,,0,0,0,0,0,-0.00978535888887953,0,-0.00974667744446434,0,0,0,Unchanged,iAB-RBC-283 model metadata; COBRA pFBA/FVA; model-defined GTHPi demand,0
HDCAt,"Hexadecanoate  n C160  transport in via uniport","Transport, Extracellular",hdca_e  <=> hdca_c,,-0,1.4845835374049e-32,1.4845835374049e-32,1.4845835374049e-32,1.4845835374049e-32,0,0.00838745047624316,0,0.00835429495240668,0,0,Unchanged,iAB-RBC-283 model metadata; COBRA pFBA/FVA; model-defined GTHPi demand,0
FCLT,"Ferrochelatase","Heme Biosynthesis",ppp9_c + fe2_c  -> pheme_c + 2 h_c,Fech_AT1 or Fech_AT2,0,0,0,0,0,0,0.0025,0,0.0025,0,0,Unchanged,iAB-RBC-283 model metadata; COBRA pFBA/FVA; model-defined GTHPi demand,0
FE2t,"Iron  II  transport","Transport, Extracellular",fe2_e  <=> fe2_c,,0,0,0,0,0,0,0,0,0,0,0,Unchanged,iAB-RBC-283 model metadata; COBRA pFBA/FVA; model-defined GTHPi demand,0
FMNAT,"FMN adenylyltransferase","Riboflavin Metabolism",fmn_c + atp_c + h_c  -> ppi_c + fad_c,FadS_AT1 or FadS_AT2,0,0,0,0,0,0,0.0146780383332119,0,0.0146200161667379,0,0,Unchanged,iAB-RBC-283 model metadata; COBRA pFBA/FVA; model-defined GTHPi demand,0
HEX1,"Hexokinase (D-glucose:ATP)","Glycolysis/Gluconeogenesis",atp_c + glc__D_c  -> adp_c + g6p_c + h_c,Hk2_AT1 or Hk1_AT3 or Hk1_AT1 or Hk1_AT2 or Hk3_AT1 or Flj22761_AT1 or Hk1_AT4 or Hk1_AT5,1.12,1.12,0,0,0,0.193863539999611,1.12,0.944559805999646,1.12,1,1,Unchanged,iAB-RBC-283 model metadata; COBRA pFBA/FVA; model-defined GTHPi demand,0
NMNAT,"Nicotinamide-nucleotide adenylyltransferase","NAD Metabolism",atp_c + h_c + nmn_c  <=> ppi_c + nad_c,Nmnat3_AT1,-1.97215226305253e-31,0,1.97215226305253e-31,1.97215226305253e-31,-1.97215226305253e-31,-0.001,0.00284091064516131,-0.000999999999999999,0.00282968054839586,0,0,Unchanged,iAB-RBC-283 model metadata; COBRA pFBA/FVA; model-defined GTHPi demand,0
HEX10,"Hexokinase (D-glucosamine:ATP)","Aminosugar Metabolism",atp_c + gam_c  -> adp_c + gam6p_c + h_c,Hk1_AT3 or Hk1_AT2 or Hk1_AT5 or Flj22761_AT1 or Hk2_AT1 or Hk1_AT4 or Hk3_AT1 or Hk1_AT1,1e-05,1e-05,0,0,0,0,1e-05,0,1e-05,0,0,Unchanged,iAB-RBC-283 model metadata; COBRA pFBA/FVA; model-defined GTHPi demand,0
HEX4,"Hexokinase (D-mannose:ATP)","Fructose and Mannose Metabolism",atp_c + man_c  -> adp_c + h_c + man6p_c,Hk1_AT1 or Hk1_AT3 or Hk1_AT4 or Hk1_AT2 or Hk1_AT5 or Hk3_AT1 or Flj22761_AT1 or Hk2_AT1,0.01,0.01,0,0,0,0,0.01,0,0.01,0,0,Unchanged,iAB-RBC-283 model metadata; COBRA pFBA/FVA; model-defined GTHPi demand,0
HEX7,"Hexokinase (D-fructose:ATP)","Fructose and Mannose Metabolism",fru_c + atp_c  -> adp_c + h_c + f6p_c,Hk1_AT4 or Hk3_AT1 or Hk1_AT1 or Hk1_AT5 or Hk2_AT1 or Hk1_AT3 or Flj22761_AT1 or Hk1_AT2,0.0075,0.0075,0,0,0,0,0.933636460000389,0,0.182940194000354,0,0,Unchanged,iAB-RBC-283 model metadata; COBRA pFBA/FVA; model-defined GTHPi demand,0
HMBS,"Hydroxymethylbilane synthase","Heme Biosynthesis",h2o_c + 4 ppbng_c  -> hmbil_c + 4 nh4_c,Hmbs_AT1,0,0,0,0,0,0,0.0025,0,0.0025,0,0,Unchanged,iAB-RBC-283 model metadata; COBRA pFBA/FVA; model-defined GTHPi demand,0
FRUt1r,"D-fructose transport in via uniport","Transport, Extracellular",fru_e  <=> fru_c,Slc2a8_1_e or Slc2a7_1_e or Slc2a11_1_e or Slc2a2_1_e or Slc2a5_1_e,0.0075,0.0075,0,0,0,-0.00717803833334824,0.0075,-0.006572322615412,0.0075,0,0,Unchanged,iAB-RBC-283 model metadata; COBRA pFBA/FVA; model-defined GTHPi demand,0
FUM,"Fumarase","Citric Acid Cycle",fum_c + h2o_c  <=> mal__L_c,Fh_AT1,0,0.25,0.25,0.25,0.25,-0.5,0.25,0.0745598059996468,0.25,0,1,Activated,iAB-RBC-283 model metadata; COBRA pFBA/FVA; model-defined GTHPi demand,9.73394398239752
FUMtr,"Fumarate transport via diffusion (reversible)","Transport, Extracellular",fum_e  <=> fum_c,,0,0.25,0.25,0.25,0.25,-0.5,0.25,0.0745598059996468,0.25,0,1,Activated,iAB-RBC-283 model metadata; COBRA pFBA/FVA; model-defined GTHPi demand,9.73394398239752
NNATr,"Nicotinate-nucleotide adenylyltransferase","NAD Metabolism",atp_c + h_c + nicrnt_c  <=> ppi_c + dnad_c,Nmnat3_AT1,0,0,0,0,0,0,0.001,0,0.000999999999999996,0,0,Unchanged,iAB-RBC-283 model metadata; COBRA pFBA/FVA; model-defined GTHPi demand,0
G6PDA,"Glucosamine-6-phosphate deaminase","Aminosugar Metabolism",gam6p_c + h2o_c  -> f6p_c + nh4_c,Gnpda1_AT1,4.74000000297712e-05,4.74000000370512e-05,7.28009232758842e-15,7.28009232758842e-15,7.28009232758842e-15,0,4.74e-05,0,4.74e-05,0,0,Unchanged,iAB-RBC-283 model metadata; COBRA pFBA/FVA; model-defined GTHPi demand,0
G6PDH2r,"Glucose 6-phosphate dehydrogenase","Pentose Phosphate Pathway",g6p_c + nadp_c  <=> 6pgl_c + h_c + nadph_c,G6pd_AT1,-3.15544362088405e-30,0.0348001330000193,0.0348001330000193,0.0348001330000193,0.0348001330000193,0,0.0880682300000907,0.0326606184390405,0.122520230000194,0,1,Activated,iAB-RBC-283 model metadata; COBRA pFBA/FVA; model-defined GTHPi demand,4.79816805280838
GALKr,"Galactokinase","Galactose metabolism",gal_c + atp_c  -> adp_c + gal1p_c + h_c,Galk1_AT1,0.3169,0.3169,0,0,0,0.302221961666607,0.3169,0.302279983833328,0.3169,1,1,Unchanged,iAB-RBC-283 model metadata; COBRA pFBA/FVA; model-defined GTHPi demand,0
HOXG,"Heme oxygenase 1","Heme Degradation",pheme_c + 5 h_c + 3 nadph_c + 3 o2_c  -> biliverd_c + 3 h2o_c + co_c + fe2_c + 3 nadp_c,Hmox2_AT1 or Hmox1_AT1,0,0,0,0,0,0,0.0025,0,0.0025,0,0,Unchanged,iAB-RBC-283 model metadata; COBRA pFBA/FVA; model-defined GTHPi demand,0
HXPRT,"Hypoxanthine phosphoribosyltransferase (Hypoxanthine)","Salvage Pathway",hxan_c + prpp_c  -> imp_c + ppi_c,HprT1_AT1,0,0,0,0,0,0,0.0146780383332353,0,0.0146200161667096,0,0,Unchanged,iAB-RBC-283 model metadata; COBRA pFBA/FVA; model-defined GTHPi demand,0
NORMETEVESSte,"L-Normetanephrine seceretion via secretory vesicle (ATP driven)","Transport, Extracellular",2 atp_c + 2 h2o_c + 3 normete__L_c  -> 2 adp_c + 2 pi_c + 2 h_c + 3 normete__L_e,,0,0,0,0,0,0,0.0096,0,0.0096,0,0,Unchanged,iAB-RBC-283 model metadata; COBRA pFBA/FVA; model-defined GTHPi demand,0
NP1,"Nucleotide phosphatase","NAD Metabolism",h_c + r1p_c + nac_c  -> pi_c + nicrns_c,Np_AT1,0,0,0,0,0,0,0.001,0,0.000999999999999996,0,0,Unchanged,iAB-RBC-283 model metadata; COBRA pFBA/FVA; model-defined GTHPi demand,0
GALOR,"D-Galactose:NADP+ 1-oxidoreductase","Galactose metabolism",gal_c + h_c + nadph_c  <=> galt_c + nadp_c,Akr1a1_AT2 or Akr1a1_AT1 or Akr1b1_AT1,0,0,0,0,0,0,0,0,0,0,0,Unchanged,iAB-RBC-283 model metadata; COBRA pFBA/FVA; model-defined GTHPi demand,0
GALT,"Galactose 1 phosphate uridylyltransferase","Galactose metabolism",gal1p_c + h_c + utp_c  <=> ppi_c + udpgal_c,Galt_AT1 or Galt_AT3 or Galt_AT2,2.76360669670697e-17,0,-2.76360669670697e-17,2.76360669670697e-17,-2.76360669670697e-17,-999.697778038333,1000,-999.697720016167,1000,0,0,Unchanged,iAB-RBC-283 model metadata; COBRA pFBA/FVA; model-defined GTHPi demand,0
HYXNt,"Hypoxanthine transport","Transport, Extracellular",hxan_e  <=> hxan_c,Slc29a2_1_e,-3.23344918419705e-16,-4.51750905351724e-22,3.233444666688e-16,3.233444666688e-16,-3.233444666688e-16,-0.024,0,-0.0240000000000005,0,0,0,Unchanged,iAB-RBC-283 model metadata; COBRA pFBA/FVA; model-defined GTHPi demand,0
NRPPHRtu,"Norepinephrine uniport","Transport, Extracellular",nrpphr_e  <=> nrpphr_c,Slc22a2_AT2 or Slc22a2_AT1 or Slc22a3_AT1,-0,-0,0,0,0,0,0.0288,0,0.0288,0,0,Unchanged,iAB-RBC-283 model metadata; COBRA pFBA/FVA; model-defined GTHPi demand,0
GALUi,"UTP-glucose-1-phosphate uridylyltransferase (irreversible)","Galactose metabolism",g1p_c + h_c + utp_c  <=> ppi_c + udpg_c,Ugp2_AT2 or Ugp2_AT1,0,0,0,0,0,-1000,1000,-1000,999.697720016167,0,0,Unchanged,iAB-RBC-283 model metadata; COBRA pFBA/FVA; model-defined GTHPi demand,0
GALt1r,"Galactose transport (uniport)","Transport, Extracellular",gal_e  <=> gal_c,Slc2a1_1_e or Slc2a3_1_e,0.3169,0.3169,0,0,0,0.302221961666607,0.3169,0.302279983833328,0.3169,1,1,Unchanged,iAB-RBC-283 model metadata; COBRA pFBA/FVA; model-defined GTHPi demand,0
NT5C,"5'-nucleotidase","NAD Metabolism",h2o_c + nicrnt_c  -> pi_c + nicrns_c,Nt5C2_AT1,0,0,0,0,0,0,0.0293560766667819,0,0.0292400323333926,0,0,Unchanged,iAB-RBC-283 model metadata; COBRA pFBA/FVA; model-defined GTHPi demand,0
Ht,"Proton diffusion","Transport, Extracellular",h_e  <=> h_c,,-4.87113293333346,-4.3479328446668,0.523200088666652,0.523200088666652,-0.523200088666652,-7.15280460999988,-4.16786470333322,-6.56472880400031,-4.1450127476666,1,1,Decreased,iAB-RBC-283 model metadata; COBRA pFBA/FVA; model-defined GTHPi demand,16
GAMt1r,"Glucosamine transport (uniport)","Transport, Extracellular",gam_e  <=> gam_c,Slc2a4_1_e or Slc2a1_1_e,1e-05,1e-05,0,0,0,0,1e-05,0,1e-05,0,0,Unchanged,iAB-RBC-283 model metadata; COBRA pFBA/FVA; model-defined GTHPi demand,0
ICDHyr,"Isocitrate dehydrogenase (NADP)","Citric Acid Cycle",icit_c + nadp_c  -> akg_c + co2_c + nadph_c,Idh1_AT1,-0,-0,0,0,0,0,0,0,0,0,0,Unchanged,iAB-RBC-283 model metadata; COBRA pFBA/FVA; model-defined GTHPi demand,0
NTD11,"5'-nucleotidase (IMP)","Purine Catabolism",h2o_c + imp_c  -> pi_c + ins_c,Nt5C2_AT1,3.23499936085094e-16,1.07419494964583e-31,-3.23499936085094e-16,3.23499936085094e-16,-3.23499936085094e-16,0,0.0266780383334272,0,0.0266200161667085,0,0,Unchanged,iAB-RBC-283 model metadata; COBRA pFBA/FVA; model-defined GTHPi demand,0
IMPD,"IMP dehydrogenase","Nucleotides",h2o_c + imp_c + nad_c  -> h_c + nadh_c + xmp_c,ImpDH1_AT1 or ImpDH2_AT1 or ImpDH1_AT2,0,0,0,0,0,0,0.0097853588888183,0,0.0092336944210366,0,0,Unchanged,iAB-RBC-283 model metadata; COBRA pFBA/FVA; model-defined GTHPi demand,0
GAPD,"Glyceraldehyde-3-phosphate dehydrogenase","Glycolysis/Gluconeogenesis",g3p_c + pi_c + nad_c  <=> 13dpg_c + h_c + nadh_c,Gapdh_AT1,2.92556146666673,2.9139614223334,-0.0116000443333255,0.0116000443333255,-0.0116000443333255,2.89620539,2.92556146666673,2.88472139000007,2.91467459385372,1,1,Decreased,iAB-RBC-283 model metadata; COBRA pFBA/FVA; model-defined GTHPi demand,4.26605601760247
NTD2,"5'-nucleotidase (UMP)","Pyrimidine Catabolism",h2o_c + ump_c  -> pi_c + uri_c,Nt5C3_AT1,-2.76360669670705e-17,0,2.76360669670705e-17,2.76360669670705e-17,-2.76360669670705e-17,0,0.00629058785718125,5.66768854071145e-14,0.00626572121430759,0,0,Unchanged,iAB-RBC-283 model metadata; COBRA pFBA/FVA; model-defined GTHPi demand,0
NMNHYD,"Nicotinamide ribonucleotide phosphohydrolase","NAD Metabolism",h2o_c + nmn_c  -> pi_c + rnam_c,Nt5C_AT1,1.97215226305253e-31,0,-1.97215226305253e-31,1.97215226305253e-31,-1.97215226305253e-31,0,0.029356076666715,0,0.0292400323333925,0,0,Unchanged,iAB-RBC-283 model metadata; COBRA pFBA/FVA; model-defined GTHPi demand,0
GGLUCT,"Gamma-glutamylcyclotransferase","Glutathione Metabolism",gluala_e  -> 5oxpro_c + ala__L_c,Gctg_AT1,0,0,0,0,0,0,0.00838745047620199,0,0.00855805824391979,0,0,Unchanged,iAB-RBC-283 model metadata; COBRA pFBA/FVA; model-defined GTHPi demand,0
GK1,"Guanylate kinase (GMP:ATP)","Nucleotides",atp_c + gmp_c  <=> adp_c + gdp_c,Guk1_AT1,1.57772181044202e-30,-1.07419494964583e-31,-1.68514130540661e-30,1.68514130540661e-30,-1.47030231547744e-30,0,0.00303683551724459,0,0.00302483093104369,0,0,Unchanged,iAB-RBC-283 model metadata; COBRA pFBA/FVA; model-defined GTHPi demand,0
GLCt1,"Glucose transport  uniport","Transport, Extracellular",glc__D_e  <=> glc__D_c,Slc2a3_1_e or Slc2a1_1_e or Slc2a4_1_e,1.12,1.12,0,0,0,1.10532196166665,1.12,1.1053799838333,1.12,1,1,Unchanged,iAB-RBC-283 model metadata; COBRA pFBA/FVA; model-defined GTHPi demand,0
INSt,"Inosine transport (diffusion)","Transport, Extracellular",ins_e  <=> ins_c,Slc29a1_1_e,-0,-0,0,0,0,-0.0110085287500036,0,-0.0109650121250221,0,0,0,Unchanged,iAB-RBC-283 model metadata; COBRA pFBA/FVA; model-defined GTHPi demand,0
KCCt,"K+-Cl- cotransport","Transport, Extracellular",cl_e + k_e  <=> cl_c + k_c,Slc12a7_1_e,-5.87112293333345,-5.8479228446668,0.023200088666651,0.023200088666651,-0.023200088666651,-5.87112293333346,-5.81241078,-5.84792284466673,-5.78944278,1,1,Decreased,iAB-RBC-283 model metadata; COBRA pFBA/FVA; model-defined GTHPi demand,4.53211203520493
L_LACt2r,"L lactate reversible transport via proton symport","Transport, Extracellular",h_e + lac__L_e  <=> h_c + lac__L_c,Slc16a1_AT1,-2.92556146666673,-2.9139614223334,0.0116000443333251,0.0116000443333251,-0.0116000443333251,-3.6755926333335,-1.80591347499997,-3.06016158399996,-1.77720347500006,1,1,Decreased,iAB-RBC-283 model metadata; COBRA pFBA/FVA; model-defined GTHPi demand,4.26605601760246
GLNS,"Glutamine synthetase","Glutamate metabolism",atp_c + glu__L_c + nh4_c  -> adp_c + gln__L_c + pi_c + h_c,Glul_AT1,0,0,0,0,0,0,0.0097853588888183,0,0.0092336944210366,0,0,Unchanged,iAB-RBC-283 model metadata; COBRA pFBA/FVA; model-defined GTHPi demand,0
GLNt4,"L-glutamine reversible transport via sodium symport","Transport, Extracellular",gln__L_e + na1_e  -> gln__L_c + na1_c,Slc38a4_AT1 or Slc38a1_AT1 or Slc6a14_AT1 or Slc38a2_AT1,0,0,0,0,0,0,0.0065235725925927,0,0.00637964341816314,0,0,Unchanged,iAB-RBC-283 model metadata; COBRA pFBA/FVA; model-defined GTHPi demand,0
LDH_L,"L-lactate dehydrogenase","Glycolysis/Gluconeogenesis",lac__L_c + nad_c  <=> h_c + pyr_c + nadh_c,Ldhb_AT1 or Ldha_AT1,-2.92556146666673,-2.9139614223334,0.0116000443333251,0.0116000443333251,-0.0116000443333251,-3.6755926333335,-1.80591347499997,-3.06016158399996,-1.77720347500006,1,1,Decreased,iAB-RBC-283 model metadata; COBRA pFBA/FVA; model-defined GTHPi demand,4.26605601760246
GLUCYS,"Gamma-glutamylcysteine synthetase","Glutathione Metabolism",atp_c + glu__L_c + cys__L_c  -> adp_c + glucys_c + pi_c + h_c,Gclm_AT1 and Gclc_AT1,0,0,0,0,0,0,0.00838745047619754,0,0.0085580582438931,0,0,Unchanged,iAB-RBC-283 model metadata; COBRA pFBA/FVA; model-defined GTHPi demand,0
NTD7,"5'-nucleotidase (AMP)","Nucleotides",amp_c + h2o_c  -> adn_c + pi_c,Nt5C2_AT1,0,4.51750905244305e-22,4.51750905244305e-22,4.51750905244305e-22,4.51750905244305e-22,0,0.0293560766667074,0,0.0292400323333366,0,0,Unchanged,iAB-RBC-283 model metadata; COBRA pFBA/FVA; model-defined GTHPi demand,0
GLYCt,"Glycerol transport via channel","Transport, Extracellular",glyc_c  <=> glyc_e,,1.20165193785811e-16,-3.13048251556185e-32,-1.20165193785811e-16,1.20165193785811e-16,-1.20165193785811e-16,-0.00419372523810878,-0,-0.00417714747620749,2.23247636177546e-28,0,0,Unchanged,iAB-RBC-283 model metadata; COBRA pFBA/FVA; model-defined GTHPi demand,0
GLYK,"Glycerol kinase","Glycerophospholipid Metabolism",atp_c + glyc_c  -> adp_c + glyc3p_c + h_c,Gkp3_AT1 or Gk_AT1 or Gk_AT2 or Gk2_AT1,-1.20165193785811e-16,3.13048251556185e-32,1.20165193785811e-16,1.20165193785811e-16,-1.20165193785811e-16,0,0.00419372523810878,0,0.00417714747620749,0,0,Unchanged,iAB-RBC-283 model metadata; COBRA pFBA/FVA; model-defined GTHPi demand,0
LEUKTRA4t,"Leukotriene A4 transmembrane (homo sapiens) transport","Transport, Extracellular",leuktrA4_e  <=> leuktrA4_c,,0,0,0,0,0,0,2.4e-06,0,2.4e-06,0,0,Unchanged,iAB-RBC-283 model metadata; COBRA pFBA/FVA; model-defined GTHPi demand,0
LEUKTRB4t,"Leukotriene B4 transmembrane (homo sapiens) transport","Transport, Extracellular",leuktrB4_e  <=> leuktrB4_c,,0,0,0,0,0,-2.4e-06,0,-2.4e-06,0,0,0,Unchanged,iAB-RBC-283 model metadata; COBRA pFBA/FVA; model-defined GTHPi demand,0
LGTHL,"Lactoylglutathione lyase","Pyruvate Metabolism",gthrd_c + mthgxl_c  -> lgt__S_c,Glo1_AT1,0,0,0,0,0,0,0.0146780383333921,0,0.0146200161666967,0,0,Unchanged,iAB-RBC-283 model metadata; COBRA pFBA/FVA; model-defined GTHPi demand,0
GLYOX,"Hydroxyacylglutathione hydrolase","Pyruvate Metabolism",h2o_c + lgt__S_c  -> gthrd_c + h_c + lac__D_c,Hagh_AT1,0,0,0,0,0,0,0.0146780383333921,0,0.0146200161666967,0,0,Unchanged,iAB-RBC-283 model metadata; COBRA pFBA/FVA; model-defined GTHPi demand,0
NTD9,"5'-nucleotidase (GMP)","Nucleotides",gmp_c + h2o_c  -> gsn_c + pi_c,Nt5C2_AT1,0,0,0,0,0,0,0.0146780383332353,0,0.0146200161667096,0,0,Unchanged,iAB-RBC-283 model metadata; COBRA pFBA/FVA; model-defined GTHPi demand,0
LNLCCPT1,"Carnitine O-palmitoyltransferase","Carnitine shuttle",crn_c + lnlccoa_c  -> coa_c + lnlccrn_c,Cpt1a_AT1,0,0,0,0,0,0,1000,0,1000,0,0,Unchanged,iAB-RBC-283 model metadata; COBRA pFBA/FVA; model-defined GTHPi demand,0
GLYt7_211_r,"GLYt7 LPAREN 211 RPAREN r","Transport, Extracellular",cl_e + gly_e + 2 na1_e  <=> gly_c + cl_c + 2 na1_c,Slc6a9_AT1 or Slc6a9_AT2,0,0,0,0,0,0,0.00838745047619754,0,0.0085580582438931,0,0,Unchanged,iAB-RBC-283 model metadata; COBRA pFBA/FVA; model-defined GTHPi demand,0
LNLCCPT2rbc,"Carnitine transferase","Fatty acid activation",coa_c + lnlccrn_c  -> crn_c + lnlccoa_c,Acsl1_AT1,0,0,0,0,0,0,1000,0,1000,0,0,Unchanged,iAB-RBC-283 model metadata; COBRA pFBA/FVA; model-defined GTHPi demand,0
NaKt,"Na+/K+ exchanging ATPase","Transport, Extracellular",atp_c + h2o_c + 3 na1_c + 2 k_e  -> adp_c + pi_c + h_c + 2 k_c + 3 na1_e,Atp1a1b1 or Atp1a1b2 or Atp1a1b3 or Atp1a1b4,2.93556146666673,2.9239614223334,-0.0116000443333255,0.0116000443333255,-0.0116000443333255,2.90620539,2.93556146666673,2.89472139,2.92396142233336,1,1,Decreased,iAB-RBC-283 model metadata; COBRA pFBA/FVA; model-defined GTHPi demand,4.26605601760247
LNLCt,"Linoleic acid (n-C18:2) transport in via diffusion","Transport, Extracellular",lnlc_e  <=> lnlc_c,,-0,-0,0,0,0,0,0.00451631948718445,0,0.00449846651284847,0,0,Unchanged,iAB-RBC-283 model metadata; COBRA pFBA/FVA; model-defined GTHPi demand,0
GMPR,"GMP reductase","Nucleotides",gmp_c + 2 h_c + nadph_c  -> imp_c + nadp_c + nh4_c,GmpR_AT1,-1.57772181044202e-30,1.07419494964583e-31,1.68514130540661e-30,1.68514130540661e-30,-1.47030231547744e-30,0,0.0097853588888183,0,0.0092336944210366,0,0,Unchanged,iAB-RBC-283 model metadata; COBRA pFBA/FVA; model-defined GTHPi demand,0
O2t,"O2 transport  diffusion","Transport, Extracellular",o2_e  <=> o2_c,,0,0,0,0,0,-5.0000775,0.0171727614999767,-4.59027736699998,0.0169053548499601,0,0,Unchanged,iAB-RBC-283 model metadata; COBRA pFBA/FVA; model-defined GTHPi demand,0
GMPS2,"GMP synthase","Nucleotides",atp_c + gln__L_c + h2o_c + xmp_c  -> amp_c + glu__L_c + gmp_c + 2 h_c + ppi_c,Gmps_AT1,0,0,0,0,0,0,0.0097853588888183,0,0.0092336944210366,0,0,Unchanged,iAB-RBC-283 model metadata; COBRA pFBA/FVA; model-defined GTHPi demand,0
GND,"Phosphogluconate dehydrogenase","Pentose Phosphate Pathway",6pgc_c + nadp_c  -> co2_c + ru5p__D_c + nadph_c,Pgd_AT1,0,0.0348001330000193,0.0348001330000193,0.0348001330000193,0.0348001330000193,0,0.0880682300000907,0.0326606184390405,0.122520230000194,0,1,Activated,iAB-RBC-283 model metadata; COBRA pFBA/FVA; model-defined GTHPi demand,4.79816805280838
LTA4H,"Leukotriene A-4 hydrolase","Eicosanoid Metabolism",h2o_c + leuktrA4_c  -> leuktrB4_c,Lta4h_AT1,0,0,0,0,0,0,2.4e-06,0,2.4e-06,0,0,Unchanged,iAB-RBC-283 model metadata; COBRA pFBA/FVA; model-defined GTHPi demand,0
MALt,"Malate exchange, diffusion","Transport, Extracellular",mal__L_e  <=> mal__L_c,,0.5,0.5,0,0,0,-0.25,0.5,0.32455980599964,0.5,0,1,Unchanged,iAB-RBC-283 model metadata; COBRA pFBA/FVA; model-defined GTHPi demand,0
GPAM_hs_16_1,"Glycerol-3-phosphate acyltransferase (C16:0)","Diacylglycerol Synthesis",glyc3p_c + pmtcoa_c  -> alpa_hs_16_0_c + coa_c,Gpam_AT1,4.00550645952707e-17,3.13036966810417e-32,-4.00550645952707e-17,4.00550645952707e-17,-4.00550645952707e-17,0,0.0048926794444541,0,0.00487333872219177,0,0,Unchanged,iAB-RBC-283 model metadata; COBRA pFBA/FVA; model-defined GTHPi demand,0
OCDCEAt,"Octadecenoate  n C181  transport in via uniport","Transport, Extracellular",ocdcea_e  <=> ocdcea_c,,-2.40330387571623e-16,4.77623103044189e-32,2.40330387571623e-16,2.40330387571623e-16,-2.40330387571623e-16,0,0.006,0,0.006,0,0,Unchanged,iAB-RBC-283 model metadata; COBRA pFBA/FVA; model-defined GTHPi demand,0
GPAM_hs_18_3,"Glycerol-3-phosphate acyltransferase (C18:1)","Diacylglycerol Synthesis",glyc3p_c + odecoa_c  -> alpa_hs_18_1_c + coa_c,Gpam_AT1,0,3.59494384345875e-33,3.59494384345875e-33,3.59494384345875e-33,3.59494384345875e-33,0,0.00489267944447708,0,0.00487333872226051,0,0,Unchanged,iAB-RBC-283 model metadata; COBRA pFBA/FVA; model-defined GTHPi demand,0
MAN6PI,"Mannose-6-phosphate isomerase","Fructose and Mannose Metabolism",man6p_c  <=> f6p_c,Mpi_AT1,0.01,0.01,0,0,0,0,0.01,0,0.01,0,0,Unchanged,iAB-RBC-283 model metadata; COBRA pFBA/FVA; model-defined GTHPi demand,0
MANt1r,"Mannose transport (uniport)","Transport, Extracellular",man_e  <=> man_c,Slc2a1_1_e or Slc2a3_1_e,0.01,0.01,0,0,0,0,0.01,0,0.01,0,0,Unchanged,iAB-RBC-283 model metadata; COBRA pFBA/FVA; model-defined GTHPi demand,0
GPAM_hs_18_4,"Glycerol-3-phosphate acyltransferase (C18:2)","Diacylglycerol Synthesis",glyc3p_c + lnlccoa_c  -> alpa_hs_18_2_c + coa_c,Gpam_AT1,-1.60220258381082e-16,-3.59381536888196e-33,1.60220258381082e-16,1.60220258381082e-16,-1.60220258381082e-16,0,0.00489267944445199,0,0.00487333872223515,0,0,Unchanged,iAB-RBC-283 model metadata; COBRA pFBA/FVA; model-defined GTHPi demand,0
OMPDC,"Orotidine-5'-phosphate decarboxylase","Pyrimidine Biosynthesis",h_c + orot5p_c  -> co2_c + ump_c,Umps_AT1,0,0,0,0,0,0,0.00629058785714067,0,0.00626572121430759,0,0,Unchanged,iAB-RBC-283 model metadata; COBRA pFBA/FVA; model-defined GTHPi demand,0
GPDDA1,"Glycerophosphodiester phosphodiesterase (Glycerophosphocholine)","Glycerophospholipid Metabolism",g3pc_c + h2o_c  -> glyc3p_c + chol_c + h_c,,0,0,0,0,0,0,0.00489267944441207,0,0.0048733387222133,0,0,Unchanged,iAB-RBC-283 model metadata; COBRA pFBA/FVA; model-defined GTHPi demand,0
GTHDH,"Glutathione dehydrogenase (dehydroascorbate reductase)","Ascorbate and Aldarate Metabolism",2 gthrd_c + dhdascb_c  -> ascb__L_c + gthox_c,,0,0,0,0,0,0,0.1111,0,0.1111,0,0,Unchanged,iAB-RBC-283 model metadata; COBRA pFBA/FVA; model-defined GTHPi demand,0
MDH,"Malate dehydrogenase","Citric Acid Cycle",mal__L_c + nad_c  <=> h_c + nadh_c + oaa_c,Mdh1_AT1,0,0,0,0,0,0,0,0,0,0,0,Unchanged,iAB-RBC-283 model metadata; COBRA pFBA/FVA; model-defined GTHPi demand,0
OPAH,"5-Oxoproline amidohydrolase (ATP-hydrolysing) (ir)","Glutathione Metabolism",5oxpro_c + atp_c + 2 h2o_c  -> adp_c + glu__L_c + pi_c + h_c,Oplah_AT1,0,0,0,0,0,0,0.00838745047620199,0,0.00855805824391979,0,0,Unchanged,iAB-RBC-283 model metadata; COBRA pFBA/FVA; model-defined GTHPi demand,0
GTHOr,"Glutathione oxidoreductase","Glutamate metabolism",gthox_c + h_c + nadph_c  -> 2 gthrd_c + nadp_c,Gsr_AT2,0.5,0.819600266000039,0.319600266000039,0.319600266000039,0.319600266000039,0,0.926136460000349,0.815321236878092,0.995040460000394,0,1,Increased,iAB-RBC-283 model metadata; COBRA pFBA/FVA; model-defined GTHPi demand,11.3302800880143
GTHOXti2,"Oxidized glutathione irreversible active transport (rbc)","Transport, Extracellular",atp_c + gthox_c + h2o_c  -> adp_c + pi_c + h_c + gthox_e,,0,0,0,0,0,0,0.00419372523809936,0,0.00427902912195004,0,0,Unchanged,iAB-RBC-283 model metadata; COBRA pFBA/FVA; model-defined GTHPi demand,0
GTHPi,"Glutathione peridoxase","Glutathione Metabolism",2 gthrd_c + h2o2_c  -> gthox_c + 2 h2o_c,Prdx2_AT3 or Prdx1_AT1 or Prdx1_AT2 or Gpx1_AT2 or Prdx1_AT3 or Gpx1_AT1 or Gpx4_AT1 or Prdx2_AT1 or Prdx2_AT2,0.5,0.819600266000039,0.319600266000039,0.319600266000039,0.319600266000039,0,0.926136460000344,0.819600266000039,0.995040460000388,0,1,Increased,iAB-RBC-283 model metadata; COBRA pFBA/FVA; model-defined GTHPi demand,11.3302800880143
MDRPD,"5-Methylthio-5-deoxy-D-ribulose 1-phosphate dehydratase","Methionine Salvage",5mdru1p_c  -> h2o_c + dkmpp_c,,0,0,0,0,0,0,0.00440341150000689,0,0.00438600485000099,0,0,Unchanged,iAB-RBC-283 model metadata; COBRA pFBA/FVA; model-defined GTHPi demand,0
ME2,"Malic enzyme (NADP)","Pyruvate Metabolism",mal__L_c + nadp_c  -> co2_c + pyr_c + nadph_c,Me1_AT1,0.5,0.75,0.25,0.25,0.25,0,0.75,0.57455980599964,0.75,0,1,Increased,iAB-RBC-283 model metadata; COBRA pFBA/FVA; model-defined GTHPi demand,9.73394398239752
ORNDC,"Ornithine Decarboxylase","Urea cycle/amino group metabolism",h_c + orn_c  -> co2_c + ptrc_c,Odc1_AT1,0,0,0,0,0,0,0.1152,0,0.1152,0,0,Unchanged,iAB-RBC-283 model metadata; COBRA pFBA/FVA; model-defined GTHPi demand,0
MEPIVESSte,"Metanephrine secretion via secretory vesicle (ATP driven)","Transport, Extracellular",2 atp_c + 2 h2o_c + 3 mepi_c  -> 2 adp_c + 2 pi_c + 2 h_c + 3 mepi_e,,0,0,0,0,0,0,0.0126,0,0.0126,0,0,Unchanged,iAB-RBC-283 model metadata; COBRA pFBA/FVA; model-defined GTHPi demand,0
METAT,"Methionine adenosyltransferase","Methionine Metabolism",atp_c + h2o_c + met__L_c  -> amet_c + pi_c + ppi_c,Mat2ab1 or Mat1a_AT1 or Mat2ab2,0,0,0,0,0,0,0.00978535888887953,0,0.00974667744446434,0,0,Unchanged,iAB-RBC-283 model metadata; COBRA pFBA/FVA; model-defined GTHPi demand,0
OROATP,"Orotic acid transport inout via proton symporter","Transport, Extracellular",h_e + orot_e  -> h_c + orot_c,,0,0,0,0,0,1.04129639489174e-28,0.00629058785714067,0,0.00626572121430759,0,0,Unchanged,iAB-RBC-283 model metadata; COBRA pFBA/FVA; model-defined GTHPi demand,0
METtec,"L-methionine transport via diffusion (extracellular to cytosol)","Transport, Extracellular",met__L_e  <=> met__L_c,Slc43a1_AT1 or Slc43a2_AT1,-0,-0,0,0,0,0,0.00978535888887953,0,0.00974667744446434,0,0,Unchanged,iAB-RBC-283 model metadata; COBRA pFBA/FVA; model-defined GTHPi demand,0
ORPT,"Orotate phosphoribosyltransferase","Pyrimidine Biosynthesis",ppi_c + orot5p_c  <=> prpp_c + orot_c,Umps_AT1,0,0,0,0,0,-0.00629058785714067,-6.05845175209737e-28,-0.00626572121430759,4.03896783473158e-28,0,0,Unchanged,iAB-RBC-283 model metadata; COBRA pFBA/FVA; model-defined GTHPi demand,0
MGSA,"Methylglyoxal synthase","Pyruvate Metabolism",dhap_c  -> pi_c + mthgxl_c,,0,0,0,0,0,0,0.0146780383333921,0,0.0146200161666967,0,0,Unchanged,iAB-RBC-283 model metadata; COBRA pFBA/FVA; model-defined GTHPi demand,0
PDX5POi,"Pyridoxine 5'-phosphate oxidase","Vitamin B6 Metabolism",pdx5p_c + o2_c  <=> h2o2_c + pydx5p_c,PnpO_AT1,0,0,0,0,0,-0.000255,0.000128,-0.000255,0.000128,0,0,Unchanged,iAB-RBC-283 model metadata; COBRA pFBA/FVA; model-defined GTHPi demand,0
PDXPP,"Pyridoxine 5-phosphate phosphatase","Vitamin B6 Metabolism",pdx5p_c + h2o_c  -> pi_c + pydxn_c,PdxP_AT1,0,0,0,0,0,0,0.029356076666786,0,0.0292400323333925,0,0,Unchanged,iAB-RBC-283 model metadata; COBRA pFBA/FVA; model-defined GTHPi demand,0
MI1345PP,"D-myo-Inositol 1,3,4,5-tetrakisphosphate 5-phosphohydrolase","Inositol Phosphate Metabolism",h2o_c + mi1345p_c  -> pi_c + mi134p_c,Inpp5d_AT1 or Synj1_AT1 or Synj1_AT2,0,0,0,0,0,0,0.0293560766667205,0,0.0292400323333917,0,0,Unchanged,iAB-RBC-283 model metadata; COBRA pFBA/FVA; model-defined GTHPi demand,0
MI145PK,"Inositol-1,4,5-trisphosphate 3-kinase","Inositol Phosphate Metabolism",atp_c + mi145p_c  -> adp_c + h_c + mi1345p_c,Itpkb_AT1 or Itpka_AT1 or Itpkc_AT1,0,0,0,0,0,0,0.02935607666637,0,0.0292400323334701,0,0,Unchanged,iAB-RBC-283 model metadata; COBRA pFBA/FVA; model-defined GTHPi demand,0
MI145PP,"D-myo-Inositol-1,4,5-trisphosphate 5-phosphohydrolase","Inositol Phosphate Metabolism",h2o_c + mi145p_c  -> pi_c + mi14p_c,Inpp5d_AT1 or Synj1_AT1 or Synj1_AT2,0,0,0,0,0,0,0.0293560766667358,0,0.0292400323333933,0,0,Unchanged,iAB-RBC-283 model metadata; COBRA pFBA/FVA; model-defined GTHPi demand,0
MI1PP,"Myo-inositol 1-phosphatase","Inositol Phosphate Metabolism",h2o_c + mi1p__D_c  -> pi_c + inost_c,Impa1_AT1,3.32859514390364e-16,0,-3.32859514390364e-16,3.32859514390364e-16,-3.32859514390364e-16,0,0.00978535888897704,0,0.00974667744444797,0,0,Unchanged,iAB-RBC-283 model metadata; COBRA pFBA/FVA; model-defined GTHPi demand,0
PI4P5K_16_0_18_4,"Phosphatidylinositol 4-phosphate 5-kinase (C16:0,C18:2)","Glycerophospholipid Metabolism",pail4p_hs_16_0_18_2_c + atp_c  -> pail45p_hs_16_0_18_2_c + adp_c + h_c,Pip5k1a_AT1 or Pip5k2c_AT1 or Pip5k3_AT1 or Pip5k1b_AT1 or Pip5k2b_AT2 or Pip5k1c_AT1 or Pip5k2a_AT1 or Pip5k3_AT2 or Pip5k3_AT3 or Pip5k2b_AT1,0,0,0,0,0,0,0.0293560766666783,0,0.0292400323333917,0,0,Unchanged,iAB-RBC-283 model metadata; COBRA pFBA/FVA; model-defined GTHPi demand,0
PI4P5K_18_1_18_3,"Phosphatidylinositol 4-phosphate 5-kinase (C18:1,C18:1)","Glycerophospholipid Metabolism",pail4p_hs_18_1_18_1_c + atp_c  -> pail45p_hs_18_1_18_1_c + adp_c + h_c,Pip5k1a_AT1 or Pip5k2c_AT1 or Pip5k3_AT1 or Pip5k1b_AT1 or Pip5k2b_AT2 or Pip5k1c_AT1 or Pip5k2a_AT1 or Pip5k3_AT2 or Pip5k3_AT3 or Pip5k2b_AT1,0,0,0,0,0,0,0.0293560766666783,0,0.0292400323333917,0,0,Unchanged,iAB-RBC-283 model metadata; COBRA pFBA/FVA; model-defined GTHPi demand,0
PI4P5K_18_1_18_4,"Phosphatidylinositol 4-phosphate 5-kinase (C18:1,C18:2)","Glycerophospholipid Metabolism",pail4p_hs_18_1_18_2_c + atp_c  -> pail45p_hs_18_1_18_2_c + adp_c + h_c,Pip5k1a_AT1 or Pip5k2c_AT1 or Pip5k3_AT1 or Pip5k1b_AT1 or Pip5k2b_AT2 or Pip5k1c_AT1 or Pip5k2a_AT1 or Pip5k3_AT2 or Pip5k3_AT3 or Pip5k2b_AT1,0,0,0,0,0,0,0.0293560766667053,0,0.0292400323333915,0,0,Unchanged,iAB-RBC-283 model metadata; COBRA pFBA/FVA; model-defined GTHPi demand,0
PETHCT,"Phosphoethanolamine cytidyltransferase","Glycerophospholipid Metabolism",h_c + ctp_c + ethamp_c  -> cdpea_c + ppi_c,Pcyt2_AT1,0,0,0,0,0,0,0.00419372523810878,0,0.00417714747620749,0,0,Unchanged,iAB-RBC-283 model metadata; COBRA pFBA/FVA; model-defined GTHPi demand,0
PI4P5K_18_2_16_0,"Phosphatidylinositol 4-phosphate 5-kinase (C18:2,C16:0)","Glycerophospholipid Metabolism",pail4p_hs_18_2_16_0_c + atp_c  -> adp_c + pail45p_hs_18_2_16_0_c + h_c,Pip5k1a_AT1 or Pip5k2c_AT1 or Pip5k3_AT1 or Pip5k1b_AT1 or Pip5k2b_AT2 or Pip5k1c_AT1 or Pip5k2a_AT1 or Pip5k3_AT2 or Pip5k3_AT3 or Pip5k2b_AT1,0,2.18388904839454e-17,2.18388904839454e-17,2.18388904839454e-17,2.18388904839454e-17,0,0.0293560766666783,0,0.0292400323333917,0,0,Unchanged,iAB-RBC-283 model metadata; COBRA pFBA/FVA; model-defined GTHPi demand,0
MI1PS,"Myo Inositol 1 phosphate synthase","Inositol Phosphate Metabolism",g6p_c  -> mi1p__D_c,Isyna1_AT1,3.32859514390364e-16,2.18388904839454e-17,-3.11020623906419e-16,3.11020623906419e-16,-3.11020623906419e-16,0,0.00419372523811759,0,0.00417714747620305,0,0,Unchanged,iAB-RBC-283 model metadata; COBRA pFBA/FVA; model-defined GTHPi demand,0
MTAP,"5  methylthioadenosine phosphorylase","Arginine and Proline Metabolism",5mta_c + pi_c  -> 5mdr1p_c + ade_c,Mtap_AT1,0,0,0,0,0,0,0.00440341150000689,0,0.00438600485000099,0,0,Unchanged,iAB-RBC-283 model metadata; COBRA pFBA/FVA; model-defined GTHPi demand,0
PI4P5K_18_2_18_1,"Phosphatidylinositol 4-phosphate 5-kinase (C18:2,C18:1)","Glycerophospholipid Metabolism",pail4p_hs_18_2_18_1_c + atp_c  -> adp_c + pail45p_hs_18_2_18_1_c + h_c,Pip5k1a_AT1 or Pip5k2c_AT1 or Pip5k3_AT1 or Pip5k1b_AT1 or Pip5k2b_AT2 or Pip5k1c_AT1 or Pip5k2a_AT1 or Pip5k3_AT2 or Pip5k3_AT3 or Pip5k2b_AT1,0,0,0,0,0,0,0.0293560766666783,0,0.0292400323333917,0,0,Unchanged,iAB-RBC-283 model metadata; COBRA pFBA/FVA; model-defined GTHPi demand,0
MTRI,"5-methylthioribose-1-phosphate isomerase","Methionine Salvage",5mdr1p_c  <=> 5mdru1p_c,,0,0,0,0,0,0,0.00440341150000689,0,0.00438600485000099,0,0,Unchanged,iAB-RBC-283 model metadata; COBRA pFBA/FVA; model-defined GTHPi demand,0
PFK,"Phosphofructokinase","Glycolysis/Gluconeogenesis",atp_c + f6p_c  -> adp_c + h_c + fdp_c,Pfkl_AT2 or Pfkm_AT1 or Pfkl_AT1,1.4611140666667,1.44951402233336,-0.0116000443333324,0.0116000443333324,-0.0116000443333324,1.43175798999993,1.4611140666667,1.42027398999999,1.45022719385369,1,1,Decreased,iAB-RBC-283 model metadata; COBRA pFBA/FVA; model-defined GTHPi demand,4.26605601760262
NACt,"Nicotinic acid transport","Transport, Extracellular",nac_e  <=> nac_c,,0,-0,-0,0,0,0,0.001,0,0.000999999999999996,0,0,Unchanged,iAB-RBC-283 model metadata; COBRA pFBA/FVA; model-defined GTHPi demand,0
NADK,"NAD kinase","NAD Metabolism",atp_c + nad_c  -> adp_c + h_c + nadp_c,Nadk_AT1,-2.07161135557889e-31,0,2.07161135557889e-31,2.07161135557889e-31,-2.07161135557889e-31,0,0.00284091064517676,0,0.00282968054839608,0,0,Unchanged,iAB-RBC-283 model metadata; COBRA pFBA/FVA; model-defined GTHPi demand,0
PI4PLC_16_0_16_0,"Phosphatidylinositol 4-phosphate phospholipase C (C16:0,C16:0)","Inositol Phosphate Metabolism",pail4p_hs_16_0_16_0_c + h2o_c  -> h_c + dag_hs_16_0_16_0_c + mi14p_c,Plcb3_AT1,0,0,0,0,0,0,0.00419372523809639,0,0.00417714747620367,0,0,Unchanged,iAB-RBC-283 model metadata; COBRA pFBA/FVA; model-defined GTHPi demand,0
PI4PLC_16_0_18_1,"Phosphatidylinositol 4-phosphate phospholipase C (C16:0,C18:1)","Inositol Phosphate Metabolism",pail4p_hs_16_0_18_1_c + h2o_c  -> h_c + dag_hs_16_0_18_1_c + mi14p_c,Plcb3_AT1,0,0,0,0,0,0,0.00419372523809639,0,0.00417714747620368,0,0,Unchanged,iAB-RBC-283 model metadata; COBRA pFBA/FVA; model-defined GTHPi demand,0
PI4PLC_16_0_18_2,"Phosphatidylinositol 4-phosphate phospholipase C (C16:0,C18:2)","Inositol Phosphate Metabolism",pail4p_hs_16_0_18_2_c + h2o_c  -> h_c + dag_hs_16_0_18_2_c + mi14p_c,Plcb3_AT1,0,0,0,0,0,0,0.00419372523810371,0,0.0041771474762035,0,0,Unchanged,iAB-RBC-283 model metadata; COBRA pFBA/FVA; model-defined GTHPi demand,0
PI4PLC_18_1_18_1,"Phosphatidylinositol 4-phosphate phospholipase C (C18:1,C18:1)","Inositol Phosphate Metabolism",pail4p_hs_18_1_18_1_c + h2o_c  -> h_c + dag_hs_18_1_18_1_c + mi14p_c,Plcb3_AT1,0,0,0,0,0,0,0.00419372523810371,0,0.0041771474762035,0,0,Unchanged,iAB-RBC-283 model metadata; COBRA pFBA/FVA; model-defined GTHPi demand,0
PI4PLC_18_1_18_2,"Phosphatidylinositol 4-phosphate phospholipase C (C18:1,C18:2)","Inositol Phosphate Metabolism",pail4p_hs_18_1_18_2_c + h2o_c  -> h_c + dag_hs_18_1_18_2_c + mi14p_c,Plcb3_AT1,0,0,0,0,0,0,0.00419372523809876,0,0.00417714747620367,0,0,Unchanged,iAB-RBC-283 model metadata; COBRA pFBA/FVA; model-defined GTHPi demand,0
PI4PLC_18_2_16_0,"Phosphatidylinositol 4-phosphate phospholipase C (C18:2,C16:0)","Inositol Phosphate Metabolism",pail4p_hs_18_2_16_0_c + h2o_c  -> h_c + dag_hs_18_2_16_0_c + mi14p_c,Plcb3_AT1,0,0,0,0,0,0,0.00419372523811201,0,0.00417714747620372,0,0,Unchanged,iAB-RBC-283 model metadata; COBRA pFBA/FVA; model-defined GTHPi demand,0
PI4PLC_18_2_18_1,"Phosphatidylinositol 4-phosphate phospholipase C (C18:2,C18:1)","Inositol Phosphate Metabolism",pail4p_hs_18_2_18_1_c + h2o_c  -> h_c + dag_hs_18_2_18_1_c + mi14p_c,Plcb3_AT1,0,0,0,0,0,0,0.00419372523811271,0,0.00417714747619819,0,0,Unchanged,iAB-RBC-283 model metadata; COBRA pFBA/FVA; model-defined GTHPi demand,0
PI4PP_16_0_16_0,"Phosphatidylinositol-4-phosphate 4-phosphatase (C16:0,C16:0)","Inositol Phosphate Metabolism",pail4p_hs_16_0_16_0_c + h2o_c  -> pail_hs_16_0_16_0_c + pi_c,,0,0,0,0,0,0,0.0293560766666783,0,0.0292400323333917,0,0,Unchanged,iAB-RBC-283 model metadata; COBRA pFBA/FVA; model-defined GTHPi demand,0
NADPN,"NADP nucleosidase","NAD Metabolism",h2o_c + nadp_c  -> adprbp_c + h_c + ncam_c,,0,0,0,0,0,0,0.00284091064517673,1.21169035041947e-27,0.00282968054839611,0,0,Unchanged,iAB-RBC-283 model metadata; COBRA pFBA/FVA; model-defined GTHPi demand,0
PFK26,"6 phosphofructo 2 kinase","Fructose and Mannose Metabolism",atp_c + f6p_c  -> adp_c + h_c + f26bp_c,Pfkfb1_AT1 or Pfkfb4_AT1 or Pfkfb3_AT1 or Pfkfb2_AT1,0,0,0,0,0,0,0.0293560766666783,0,0.0292400323333919,0,0,Unchanged,iAB-RBC-283 model metadata; COBRA pFBA/FVA; model-defined GTHPi demand,0
PI4PP_16_0_18_1,"Phosphatidylinositol-4-phosphate 4-phosphatase (C16:0,C18:1)","Inositol Phosphate Metabolism",pail4p_hs_16_0_18_1_c + h2o_c  -> pail_hs_16_0_18_1_c + pi_c,,0,0,0,0,0,0,0.0293560766666783,0,0.0292400323333917,0,0,Unchanged,iAB-RBC-283 model metadata; COBRA pFBA/FVA; model-defined GTHPi demand,0
PI4PP_16_0_18_2,"Phosphatidylinositol-4-phosphate 4-phosphatase (C16:0,C18:2)","Inositol Phosphate Metabolism",pail4p_hs_16_0_18_2_c + h2o_c  -> pail_hs_16_0_18_2_c + pi_c,,0,0,0,0,0,0,0.0293560766666783,0,0.0292400323333917,0,0,Unchanged,iAB-RBC-283 model metadata; COBRA pFBA/FVA; model-defined GTHPi demand,0
NADS2,"Nicotinate-mononucleotide adenylyltransferase","NAD Metabolism",atp_c + gln__L_c + h2o_c + dnad_c  -> amp_c + glu__L_c + h_c + ppi_c + nad_c,Nadsyn1_AT1,0,0,0,0,0,0,0.001,0,0.000999999999999996,0,0,Unchanged,iAB-RBC-283 model metadata; COBRA pFBA/FVA; model-defined GTHPi demand,0
PI4PP_18_1_18_1,"Phosphatidylinositol-4-phosphate 4-phosphatase (C18:1,C18:1)","Inositol Phosphate Metabolism",pail4p_hs_18_1_18_1_c + h2o_c  -> pail_hs_18_1_18_1_c + pi_c,,0,0,0,0,0,0,0.0293560766666783,0,0.0292400323333917,0,0,Unchanged,iAB-RBC-283 model metadata; COBRA pFBA/FVA; model-defined GTHPi demand,0
PGI,"Glucose-6-phosphate isomerase","Glycolysis/Gluconeogenesis",g6p_c  <=> f6p_c,Gpi_AT1,1.4369,1.40209986699998,-0.0348001330000192,0.0348001330000192,-0.0348001330000192,0.422695309999937,1.43690000000003,1.13893957599948,1.40423938156099,1,1,Decreased,iAB-RBC-283 model metadata; COBRA pFBA/FVA; model-defined GTHPi demand,4.79816805280837
PI4PP_18_1_18_2,"Phosphatidylinositol-4-phosphate 4-phosphatase (C18:1,C18:2)","Inositol Phosphate Metabolism",pail4p_hs_18_1_18_2_c + h2o_c  -> pail_hs_18_1_18_2_c + pi_c,,-3.32859514390364e-16,0,3.32859514390364e-16,3.32859514390364e-16,-3.32859514390364e-16,0,0.0293560766666783,0,0.0292400323333917,0,0,Unchanged,iAB-RBC-283 model metadata; COBRA pFBA/FVA; model-defined GTHPi demand,0
PI4PP_18_2_16_0,"Phosphatidylinositol-4-phosphate 4-phosphatase (C18:2,C16:0)","Inositol Phosphate Metabolism",pail4p_hs_18_2_16_0_c + h2o_c  -> pail_hs_18_2_16_0_c + pi_c,,0,-2.18388904839454e-17,-2.18388904839454e-17,2.18388904839454e-17,2.18388904839454e-17,0,0.0293560766667012,0,0.0292400323333917,0,0,Unchanged,iAB-RBC-283 model metadata; COBRA pFBA/FVA; model-defined GTHPi demand,0
NAt,"Sodium transport (uniport)","Transport, Extracellular",na1_e  <=> na1_c,Slc5a3_1_e or Slc5a1_1_e or Slc5a5_1_e,8.80668440000018,8.7718842670002,-0.0348001329999779,0.0348001329999779,-0.0348001329999779,8.69904545222238,8.8066844000002,8.66502523974551,8.77188426700027,1,1,Decreased,iAB-RBC-283 model metadata; COBRA pFBA/FVA; model-defined GTHPi demand,4.79816805280743
NCAMUP,"Nicotinamide acid uptake","Transport, Extracellular",ncam_e  <=> ncam_c,,-1.97215226305253e-31,0,1.97215226305253e-31,1.97215226305253e-31,-1.97215226305253e-31,-0.001,2.966117003631e-28,-0.001,0,0,0,Unchanged,iAB-RBC-283 model metadata; COBRA pFBA/FVA; model-defined GTHPi demand,0
PI4PP_18_2_18_1,"Phosphatidylinositol-4-phosphate 4-phosphatase (C18:2,C18:1)","Inositol Phosphate Metabolism",pail4p_hs_18_2_18_1_c + h2o_c  -> pail_hs_18_2_18_1_c + pi_c,,0,0,0,0,0,0,0.0293560766666783,0,0.0292400323333917,0,0,Unchanged,iAB-RBC-283 model metadata; COBRA pFBA/FVA; model-defined GTHPi demand,0
PGK,"Phosphoglycerate kinase","Glycolysis/Gluconeogenesis",3pg_c + atp_c  <=> 13dpg_c + adp_c,Pgk1_AT1,-2.92556146666673,-2.9139614223334,0.0116000443333255,0.0116000443333255,-0.0116000443333255,-2.92556146666673,-2.89620538999997,-2.91467459385372,-2.88472139000007,1,1,Decreased,iAB-RBC-283 model metadata; COBRA pFBA/FVA; model-defined GTHPi demand,4.26605601760247
PIK4_16_0_16_0,"Phosphatidylinositol 4-kinase (C16:0,C16:0)","Glycerophospholipid Metabolism",pail_hs_16_0_16_0_c + atp_c  -> adp_c + pail4p_hs_16_0_16_0_c + h_c,Pik4ca_AT1 or Pik4cb_AT1 or Pi4kii_AT1,0,0,0,0,0,0,0.0293560766666783,0,0.0292400323333917,0,0,Unchanged,iAB-RBC-283 model metadata; COBRA pFBA/FVA; model-defined GTHPi demand,0
PIK4_16_0_18_1,"Phosphatidylinositol 4-kinase (C16:0,C18:1)","Glycerophospholipid Metabolism",pail_hs_16_0_18_1_c + atp_c  -> adp_c + pail4p_hs_16_0_18_1_c + h_c,Pik4ca_AT1 or Pik4cb_AT1 or Pi4kii_AT1,0,0,0,0,0,0,0.0293560766666783,0,0.0292400323333917,0,0,Unchanged,iAB-RBC-283 model metadata; COBRA pFBA/FVA; model-defined GTHPi demand,0
PIK4_16_0_18_2,"Phosphatidylinositol 4-kinase (C16:0,C18:2)","Glycerophospholipid Metabolism",pail_hs_16_0_18_2_c + atp_c  -> adp_c + pail4p_hs_16_0_18_2_c + h_c,Pik4ca_AT1 or Pik4cb_AT1 or Pi4kii_AT1,0,0,0,0,0,0,0.0293560766666783,0,0.0292400323333917,0,0,Unchanged,iAB-RBC-283 model metadata; COBRA pFBA/FVA; model-defined GTHPi demand,0
GULN3D,"L-gulonate 3-dehydrogenase","Pentose and Glucuronate Interconversions",guln__L_c + nad_c  <=> 3dhguln_c + h_c + nadh_c,51084,-7.88860905221012e-31,0,7.88860905221012e-31,7.88860905221012e-31,-7.88860905221012e-31,6.75264934869186e-28,0.0125811757143325,0,0.0109650121250439,0,0,Unchanged,iAB-RBC-283 model metadata; COBRA pFBA/FVA; model-defined GTHPi demand,0
PGL,"6-phosphogluconolactonase","Pentose Phosphate Pathway",6pgl_c + h2o_c  -> 6pgc_c + h_c,Pgls_AT1,-3.15544362088405e-30,0.0348001330000193,0.0348001330000193,0.0348001330000193,0.0348001330000193,0,0.0880682300000907,0.0326606184390405,0.122520230000194,0,1,Activated,iAB-RBC-283 model metadata; COBRA pFBA/FVA; model-defined GTHPi demand,4.79816805280838
PIK4_18_1_18_1,"Phosphatidylinositol 4-kinase (C18:1,C18:1)","Glycerophospholipid Metabolism",pail_hs_18_1_18_1_c + atp_c  -> adp_c + pail4p_hs_18_1_18_1_c + h_c,Pik4ca_AT1 or Pik4cb_AT1 or Pi4kii_AT1,0,0,0,0,0,0,0.0293560766666783,0,0.0292400323333917,0,0,Unchanged,iAB-RBC-283 model metadata; COBRA pFBA/FVA; model-defined GTHPi demand,0
PIK4_18_1_18_2,"Phosphatidylinositol 4-kinase (C18:1,C18:2)","Glycerophospholipid Metabolism",pail_hs_18_1_18_2_c + atp_c  -> adp_c + pail4p_hs_18_1_18_2_c + h_c,Pik4ca_AT1 or Pik4cb_AT1 or Pi4kii_AT1,0,0,0,0,0,0,0.0293560766666783,0,0.0292400323333917,0,0,Unchanged,iAB-RBC-283 model metadata; COBRA pFBA/FVA; model-defined GTHPi demand,0
PIK4_18_2_16_0,"Phosphatidylinositol 4-kinase (C18:2,C16:0)","Glycerophospholipid Metabolism",pail_hs_18_2_16_0_c + atp_c  -> adp_c + pail4p_hs_18_2_16_0_c + h_c,Pik4ca_AT1 or Pik4cb_AT1 or Pi4kii_AT1,0,0,0,0,0,0,0.0293560766666783,0,0.0292400323333917,0,0,Unchanged,iAB-RBC-283 model metadata; COBRA pFBA/FVA; model-defined GTHPi demand,0
PIK4_18_2_18_1,"Phosphatidylinositol 4-kinase (C18:2,C18 1)","Glycerophospholipid Metabolism",pail_hs_18_2_18_1_c + atp_c  -> adp_c + pail4p_hs_18_2_18_1_c + h_c,Pik4ca_AT1 or Pik4cb_AT1 or Pi4kii_AT1,0,0,0,0,0,0,0.0293560766666783,0,0.0292400323333917,0,0,Unchanged,iAB-RBC-283 model metadata; COBRA pFBA/FVA; model-defined GTHPi demand,0
PIPLC_16_0_16_0,"Phosphatidylinositol phospholipase C (C16:0,C16:0)","Inositol Phosphate Metabolism",pail_hs_16_0_16_0_c + h2o_c  -> h_c + dag_hs_16_0_16_0_c + mi1p__D_c,Plcb3_AT1,0,0,0,0,0,0,0.00978535888889294,0,0.00974667744444797,0,0,Unchanged,iAB-RBC-283 model metadata; COBRA pFBA/FVA; model-defined GTHPi demand,0
PPAP_18_1_18_1,"Phosphatidic acid phosphatase (C18:1,C18:1)","Diacylglycerol Synthesis",h2o_c + pa_hs_18_1_18_1_c  -> pi_c + dag_hs_18_1_18_1_c,Ppap2c_AT1 or Ppap2b_AT1 or Ppap2a_AT1 or Ppap2a_AT2,0,0,0,0,0,0,0.0293560766666783,0,0.0292400323333917,0,0,Unchanged,iAB-RBC-283 model metadata; COBRA pFBA/FVA; model-defined GTHPi demand,0
PPAP_18_1_18_2,"Phosphatidic acid phosphatase (C18:1,C18:2)","Diacylglycerol Synthesis",h2o_c + pa_hs_18_1_18_2_c  -> pi_c + dag_hs_18_1_18_2_c,Ppap2c_AT1 or Ppap2b_AT1 or Ppap2a_AT1 or Ppap2a_AT2,0,0,0,0,0,0,0.0293560766666946,0,0.0292400323333915,0,0,Unchanged,iAB-RBC-283 model metadata; COBRA pFBA/FVA; model-defined GTHPi demand,0
PPAP_18_2_16_0,"Phosphatidic acid phosphatase (C18:2, C16:0)","Diacylglycerol Synthesis",h2o_c + pa_hs_18_2_16_0_c  -> pi_c + dag_hs_18_2_16_0_c,Ppap2c_AT1 or Ppap2b_AT1 or Ppap2a_AT1 or Ppap2a_AT2,0,0,0,0,0,0,0.0293560766666783,0,0.0292400323333923,0,0,Unchanged,iAB-RBC-283 model metadata; COBRA pFBA/FVA; model-defined GTHPi demand,0
PIPLC_16_0_18_1,"Phosphatidylinositol phospholipase C (C16:0,C18:1)","Inositol Phosphate Metabolism",pail_hs_16_0_18_1_c + h2o_c  -> h_c + dag_hs_16_0_18_1_c + mi1p__D_c,Plcb3_AT1,0,0,0,0,0,0,0.00978535888889294,0,0.00974667744444797,0,0,Unchanged,iAB-RBC-283 model metadata; COBRA pFBA/FVA; model-defined GTHPi demand,0
PGM,"Phosphoglycerate mutase","Glycolysis/Gluconeogenesis",2pg_c  <=> 3pg_c,Bpgm_AT1 or Bpgm_AT2,-2.92556146666673,-2.9139614223334,0.0116000443333255,0.0116000443333255,-0.0116000443333255,-2.92556146666673,-2.89620539,-2.91467459385372,-2.88472139000007,1,1,Decreased,iAB-RBC-283 model metadata; COBRA pFBA/FVA; model-defined GTHPi demand,4.26605601760247
PIPLC_16_0_18_2,"Phosphatidylinositol phospholipase C (C16:0,C18:2)","Inositol Phosphate Metabolism",pail_hs_16_0_18_2_c + h2o_c  -> h_c + dag_hs_16_0_18_2_c + mi1p__D_c,Plcb3_AT1,0,0,0,0,0,0,0.00978535888889523,0,0.00974667744444797,0,0,Unchanged,iAB-RBC-283 model metadata; COBRA pFBA/FVA; model-defined GTHPi demand,0
PIPLC_18_1_18_1,"Phosphatidylinositol phospholipase C (C18:1,C18:1)","Inositol Phosphate Metabolism",pail_hs_18_1_18_1_c + h2o_c  -> h_c + dag_hs_18_1_18_1_c + mi1p__D_c,Plcb3_AT1,0,0,0,0,0,0,0.00978535888889523,0,0.00974667744444797,0,0,Unchanged,iAB-RBC-283 model metadata; COBRA pFBA/FVA; model-defined GTHPi demand,0
PPAP_18_2_18_1,"Phosphatidic acid phosphatase (C18:2, C18:1)","Diacylglycerol Synthesis",h2o_c + pa_hs_18_2_18_1_c  -> pi_c + dag_hs_18_2_18_1_c,Ppap2c_AT1 or Ppap2b_AT1 or Ppap2a_AT1 or Ppap2a_AT2,0,0,0,0,0,0,0.0293560766666783,0,0.0292400323333923,0,0,Unchanged,iAB-RBC-283 model metadata; COBRA pFBA/FVA; model-defined GTHPi demand,0
PIPLC_18_1_18_2,"Phosphatidylinositol phospholipase C (C18:1,C18:2)","Inositol Phosphate Metabolism",pail_hs_18_1_18_2_c + h2o_c  -> h_c + dag_hs_18_1_18_2_c + mi1p__D_c,Plcb3_AT1,0,0,0,0,0,0,0.00978535888890068,0,0.00974667744444698,0,0,Unchanged,iAB-RBC-283 model metadata; COBRA pFBA/FVA; model-defined GTHPi demand,0
PHETA1,"Phenylalanine transaminase","Phenylalanine metabolism",akg_c + phe__L_c  <=> glu__L_c + phpyr_c,Got1_AT1,0,0,0,0,0,0,0,0,0,0,0,Unchanged,iAB-RBC-283 model metadata; COBRA pFBA/FVA; model-defined GTHPi demand,0
PIPLC_18_2_16_0,"Phosphatidylinositol phospholipase C (C18:2,C16:0)","Inositol Phosphate Metabolism",pail_hs_18_2_16_0_c + h2o_c  -> h_c + dag_hs_18_2_16_0_c + mi1p__D_c,Plcb3_AT1,0,-2.18388904839454e-17,-2.18388904839454e-17,2.18388904839454e-17,2.18388904839454e-17,0,0.00978535888889446,0,0.00974667744446027,0,0,Unchanged,iAB-RBC-283 model metadata; COBRA pFBA/FVA; model-defined GTHPi demand,0
PIPLC_18_2_18_1,"Phosphatidylinositol phospholipase C (C18:2,C18:1)","Inositol Phosphate Metabolism",pail_hs_18_2_18_1_c + h2o_c  -> h_c + dag_hs_18_2_18_1_c + mi1p__D_c,Plcb3_AT1,0,0,0,0,0,0,0.00978535888895228,0,0.00974667744442906,0,0,Unchanged,iAB-RBC-283 model metadata; COBRA pFBA/FVA; model-defined GTHPi demand,0
PPBNGS,"Porphobilinogen synthase","Heme Biosynthesis",2 5aop_c  -> h_c + 2 h2o_c + ppbng_c,Alad_AT1 or Alad_AT2,0,0,0,0,0,0,0.01,0,0.01,0,0,Unchanged,iAB-RBC-283 model metadata; COBRA pFBA/FVA; model-defined GTHPi demand,0
PPM,"Phosphopentomutase","Pentose Phosphate Pathway",r1p_c  <=> r5p_c,Pgm1_AT1,0.0100000000000003,0.01,-3.22658566531686e-16,3.22658566531686e-16,-3.22658566531686e-16,-0.00100852875002542,0.0246780383334089,-0.000965012125043266,0.0246200161666721,0,0,Unchanged,iAB-RBC-283 model metadata; COBRA pFBA/FVA; model-defined GTHPi demand,0
PPPGO,"Protoporphyrinogen oxidase (aerobic)","Heme Biosynthesis",pppg9_c + 1.5 o2_c  -> 3 h2o_c + ppp9_c,,0,0,0,0,0,0,0.0025,0,0.0025,0,0,Unchanged,iAB-RBC-283 model metadata; COBRA pFBA/FVA; model-defined GTHPi demand,0
PHEtec,"L-phenylalanine transport via diffusion (extracellular to cytosol)","Transport, Extracellular",phe__L_e  <=> phe__L_c,Slc43a2_AT1,0,0,0,0,0,0,0,0,0,0,0,Unchanged,iAB-RBC-283 model metadata; COBRA pFBA/FVA; model-defined GTHPi demand,0
PRPPS,"Phosphoribosylpyrophosphate synthetase","Pentose Phosphate Pathway",atp_c + r5p_c  <=> amp_c + h_c + prpp_c,Prps1l1_AT1 or Prps1l1_AT2 or Prps1_AT1,-1.18329135783152e-30,0,1.18329135783152e-30,1.18329135783152e-30,-1.18329135783152e-30,6.05845175209737e-28,0.0146780383332353,-4.03896783473158e-28,0.0146200161667096,0,0,Unchanged,iAB-RBC-283 model metadata; COBRA pFBA/FVA; model-defined GTHPi demand,0
PIt,"Inorganic phosphate exchange, diffusion","Transport, Extracellular",pi_c  <=> pi_e,,0,0,0,0,0,-0.0293560766667195,-0,-0.0292400323333928,-0,0,0,Unchanged,iAB-RBC-283 model metadata; COBRA pFBA/FVA; model-defined GTHPi demand,0
PI45P5P_16_0_16_0,"Phosphatidylinositol-4,5-bisphosphate 5-phosphatase (C16:0, C16:0)","Inositol Phosphate Metabolism",pail45p_hs_16_0_16_0_c + h2o_c  -> pail4p_hs_16_0_16_0_c + pi_c,Synj1_AT2 or Synj1_AT1,0,0,0,0,0,0,0.0293560766666783,0,0.0292400323333917,0,0,Unchanged,iAB-RBC-283 model metadata; COBRA pFBA/FVA; model-defined GTHPi demand,0
PLA2_2_16_0_16_0,"Phospholipase A2 (C16:0,C16:0)","Glycerophospholipid Metabolism",pchol_hs_16_0_16_0_c + h2o_c  -> h_c + hdca_c + lpchol_hs_16_0_c,Pla2g6_AT1 or Pla2g6_AT2 or Pla2g2a_AT1,4.00550645952704e-17,-1.02728802307061e-33,-4.00550645952704e-17,4.00550645952704e-17,-4.00550645952704e-17,0,0.00489267944440502,0,0.00487333872221399,0,0,Unchanged,iAB-RBC-283 model metadata; COBRA pFBA/FVA; model-defined GTHPi demand,0
PLA2_2_16_0_18_1,"Phospholipase A2 (C16:0,C18:1)","Glycerophospholipid Metabolism",pchol_hs_16_0_18_1_c + h2o_c  -> h_c + lpchol_hs_16_0_c + ocdcea_c,Pla2g6_AT1 or Pla2g6_AT2 or Pla2g2a_AT1,0,2.31111593326468e-32,2.31111593326468e-32,2.31111593326468e-32,2.31111593326468e-32,0,0.00489267944438111,0,0.00487333872222919,0,0,Unchanged,iAB-RBC-283 model metadata; COBRA pFBA/FVA; model-defined GTHPi demand,0
PTRCtex2,"Putrescine excretion  cytosol to extracellular","Transport, Extracellular",ptrc_c  <=> ptrc_e,,0,0,0,0,0,-0,0.1152,-0,0.1152,0,0,Unchanged,iAB-RBC-283 model metadata; COBRA pFBA/FVA; model-defined GTHPi demand,0
PI45P5P_16_0_18_1,"Phosphatidylinositol-4,5-bisphosphate 5-phosphatase (C16:0, C18:1)","Inositol Phosphate Metabolism",pail45p_hs_16_0_18_1_c + h2o_c  -> pail4p_hs_16_0_18_1_c + pi_c,Synj1_AT2 or Synj1_AT1,0,0,0,0,0,0,0.0293560766666783,0,0.0292400323333917,0,0,Unchanged,iAB-RBC-283 model metadata; COBRA pFBA/FVA; model-defined GTHPi demand,0
PLA2_2_16_0_18_2,"Phospholipase A2 (C16:0,C18:2)","Glycerophospholipid Metabolism",pchol_hs_16_0_18_2_c + h2o_c  -> h_c + lnlc_c + lpchol_hs_16_0_c,Pla2g6_AT1 or Pla2g6_AT2 or Pla2g2a_AT1,-4.00550645952705e-17,0,4.00550645952705e-17,4.00550645952705e-17,-4.00550645952705e-17,0,0.00489267944445135,0,0.00487333872221717,0,0,Unchanged,iAB-RBC-283 model metadata; COBRA pFBA/FVA; model-defined GTHPi demand,0
PLA2_2_18_1_18_1,"Phospholipase A2 (C18:1,C18:1)","Glycerophospholipid Metabolism",pchol_hs_18_1_18_1_c + h2o_c  -> h_c + lpchol_hs_18_1_c + ocdcea_c,Pla2g6_AT1 or Pla2g6_AT2 or Pla2g2a_AT1,0,-1.84889274661175e-32,-1.84889274661175e-32,1.84889274661175e-32,1.84889274661175e-32,0,0.00489267944448406,0,0.00487333872223153,0,0,Unchanged,iAB-RBC-283 model metadata; COBRA pFBA/FVA; model-defined GTHPi demand,0
PLA2_2_18_1_18_2,"Phospholipase A2 (C18:1,C18:2)","Glycerophospholipid Metabolism",pchol_hs_18_1_18_2_c + h2o_c  -> h_c + lnlc_c + lpchol_hs_18_1_c,Pla2g6_AT1 or Pla2g6_AT2 or Pla2g2a_AT1,0,2.73691106313441e-48,2.73691106313441e-48,2.73691106313441e-48,2.73691106313441e-48,0,0.00489267944441207,0,0.0048733387222133,0,0,Unchanged,iAB-RBC-283 model metadata; COBRA pFBA/FVA; model-defined GTHPi demand,0
PUNP1,"Purine-nucleoside phosphorylase (Adenosine)","Nucleotides",adn_c + pi_c  <=> ade_c + r1p_c,Np_AT1,0.01,0.01,0,0,0,-0.0184034115000038,0.0246780383334644,-0.0183860048500116,0.0246200161667427,0,0,Unchanged,iAB-RBC-283 model metadata; COBRA pFBA/FVA; model-defined GTHPi demand,0
PUNP3,"Purine-nucleoside phosphorylase (Guanosine)","Purine Catabolism",gsn_c + pi_c  <=> gua_c + r1p_c,Np_AT1,0,0,0,0,0,0,0.0146780383332353,0,0.0146200161667096,0,0,Unchanged,iAB-RBC-283 model metadata; COBRA pFBA/FVA; model-defined GTHPi demand,0
PUNP5,"Purine-nucleoside phosphorylase (Inosine)","Purine Catabolism",pi_c + ins_c  <=> hxan_c + r1p_c,Np_AT1,3.23344918419705e-16,4.51750905351724e-22,-3.233444666688e-16,3.233444666688e-16,-3.233444666688e-16,0,0.0386780383332353,2.01948391736579e-28,0.0386200161666189,0,0,Unchanged,iAB-RBC-283 model metadata; COBRA pFBA/FVA; model-defined GTHPi demand,0
PLA2_2_18_2_16_0,"Phospholipase A2 (C18:2,C16:0)","Glycerophospholipid Metabolism",pchol_hs_18_2_16_0_c + h2o_c  -> h_c + hdca_c + lpchol_hs_18_2_c,Pla2g6_AT1 or Pla2g6_AT2 or Pla2g2a_AT1,0,0,0,0,0,0,0.00489267944445135,0,0.00487333872221717,0,0,Unchanged,iAB-RBC-283 model metadata; COBRA pFBA/FVA; model-defined GTHPi demand,0
PLA2_2_18_2_18_1,"Phospholipase A2 (C18:2,C18:1)","Glycerophospholipid Metabolism",pchol_hs_18_2_18_1_c + h2o_c  -> h_c + lpchol_hs_18_2_c + ocdcea_c,Pla2g6_AT1 or Pla2g6_AT2 or Pla2g2a_AT1,0,-3.59494384345875e-33,-3.59494384345875e-33,3.59494384345875e-33,3.59494384345875e-33,0,0.00489267944441207,0,0.0048733387222133,0,0,Unchanged,iAB-RBC-283 model metadata; COBRA pFBA/FVA; model-defined GTHPi demand,0
PYAM5PO,"Pyridoxamine 5'-phosphate oxidase","Vitamin B6 Metabolism",h2o_c + pyam5p_c + o2_c  -> h2o2_c + pydx5p_c + nh4_c,PnpO_AT1,0,0,0,0,0,0,0.0001,0,0.0001,0,0,Unchanged,iAB-RBC-283 model metadata; COBRA pFBA/FVA; model-defined GTHPi demand,0
PI45P5P_16_0_18_2,"Phosphatidylinositol-4,5-bisphosphate 5-phosphatase (C16:0, C18:2)","Inositol Phosphate Metabolism",pail45p_hs_16_0_18_2_c + h2o_c  -> pail4p_hs_16_0_18_2_c + pi_c,Synj1_AT2 or Synj1_AT1,0,0,0,0,0,0,0.0293560766666783,0,0.0292400323333917,0,0,Unchanged,iAB-RBC-283 model metadata; COBRA pFBA/FVA; model-defined GTHPi demand,0
PYDAMK,"Pyridoxamine kinase","Vitamin B6 Metabolism",atp_c + pydam_c  -> adp_c + h_c + pyam5p_c,PdxK_AT1,0,0,0,0,0,0,0.0001,0,0.0001,0,0,Unchanged,iAB-RBC-283 model metadata; COBRA pFBA/FVA; model-defined GTHPi demand,0
PNP,"Purine nucleoside phosphorylase","NAD Metabolism",pi_c + rnam_c  <=> h_c + r1p_c + ncam_c,Np_AT1,1.97215226305253e-31,0,-1.97215226305253e-31,1.97215226305253e-31,-1.97215226305253e-31,-0.00284091064516131,0.001,-0.00282968054839586,0.000999999999999999,0,0,Unchanged,iAB-RBC-283 model metadata; COBRA pFBA/FVA; model-defined GTHPi demand,0
PI45P5P_18_1_18_1,"Phosphatidylinositol-4,5-bisphosphate 5-phosphatase (C18:1, C18:1)","Inositol Phosphate Metabolism",pail45p_hs_18_1_18_1_c + h2o_c  -> pail4p_hs_18_1_18_1_c + pi_c,Synj1_AT2 or Synj1_AT1,0,0,0,0,0,0,0.0293560766666783,0,0.0292400323333917,0,0,Unchanged,iAB-RBC-283 model metadata; COBRA pFBA/FVA; model-defined GTHPi demand,0
PYDAMtr,"Pyridoxamine transport via diffusion","Transport, Extracellular",pydam_e  <=> pydam_c,,0,-0,-0,0,0,0,0.0001,0,0.0001,0,0,Unchanged,iAB-RBC-283 model metadata; COBRA pFBA/FVA; model-defined GTHPi demand,0
PI45P5P_18_1_18_2,"Phosphatidylinositol-4,5-bisphosphate 5-phosphatase (C18:1, C18:2)","Inositol Phosphate Metabolism",pail45p_hs_18_1_18_2_c + h2o_c  -> pail4p_hs_18_1_18_2_c + pi_c,Synj1_AT2 or Synj1_AT1,-3.32859514390364e-16,0,3.32859514390364e-16,3.32859514390364e-16,-3.32859514390364e-16,0,0.0293560766667053,0,0.0292400323333915,0,0,Unchanged,iAB-RBC-283 model metadata; COBRA pFBA/FVA; model-defined GTHPi demand,0
PYDXDH,"Pyridoxal dehydrogenase","Vitamin B6 Metabolism",h2o_c + pydx_c + o2_c  -> 4pyrdx_c + h2o2_c,Aox1_AT1,0,0,0,0,0,0,0.000383,0,0.000383,0,0,Unchanged,iAB-RBC-283 model metadata; COBRA pFBA/FVA; model-defined GTHPi demand,0
PYDXK,"Pyridoxal kinase","Vitamin B6 Metabolism",atp_c + pydx_c  -> adp_c + h_c + pydx5p_c,PdxK_AT1,0,0,0,0,0,0,0.029356076666786,0,0.0292400323333933,0,0,Unchanged,iAB-RBC-283 model metadata; COBRA pFBA/FVA; model-defined GTHPi demand,0
PPA,"Inorganic diphosphatase","Oxidative Phosphorylation",h2o_c + ppi_c  -> 2 pi_c + h_c,Ppa2_AT1 or Ppa2_AT2 or Ppa2_AT3 or Ppa2_AT4,0,0,0,0,0,0,0.0146780383333526,0,0.0146200161666964,0,0,Unchanged,iAB-RBC-283 model metadata; COBRA pFBA/FVA; model-defined GTHPi demand,0
PI45P5P_18_2_16_0,"Phosphatidylinositol-4,5-bisphosphate 5-phosphatase (C18:2, C16:0)","Inositol Phosphate Metabolism",pail45p_hs_18_2_16_0_c + h2o_c  -> pail4p_hs_18_2_16_0_c + pi_c,Synj1_AT2 or Synj1_AT1,0,0,0,0,0,0,0.0293560766667012,0,0.0292400323333917,0,0,Unchanged,iAB-RBC-283 model metadata; COBRA pFBA/FVA; model-defined GTHPi demand,0
PPAP_16_0_16_0,"Phosphatidic acid phosphatase (C16:0, C16:0)","Diacylglycerol Synthesis",h2o_c + pa_hs_16_0_16_0_c  -> pi_c + dag_hs_16_0_16_0_c,Ppap2c_AT1 or Ppap2b_AT1 or Ppap2a_AT1 or Ppap2a_AT2,0,0,0,0,0,0,0.0293560766666783,0,0.0292400323333917,0,0,Unchanged,iAB-RBC-283 model metadata; COBRA pFBA/FVA; model-defined GTHPi demand,0
PYDXNK,"Pyridoxine kinase","Vitamin B6 Metabolism",atp_c + pydxn_c  -> adp_c + pdx5p_c + h_c,PdxK_AT1,0,0,0,0,0,0,0.0293560766666783,0,0.0292400323333917,0,0,Unchanged,iAB-RBC-283 model metadata; COBRA pFBA/FVA; model-defined GTHPi demand,0
PPAP_16_0_18_1,"Phosphatidic acid phosphatase (C16:0, C18:1)","Diacylglycerol Synthesis",h2o_c + pa_hs_16_0_18_1_c  -> pi_c + dag_hs_16_0_18_1_c,Ppap2c_AT1 or Ppap2b_AT1 or Ppap2a_AT1 or Ppap2a_AT2,0,0,0,0,0,0,0.0293560766666783,0,0.0292400323333917,0,0,Unchanged,iAB-RBC-283 model metadata; COBRA pFBA/FVA; model-defined GTHPi demand,0
PI45P5P_18_2_18_1,"Phosphatidylinositol-4,5-bisphosphate 5-phosphatase (C18:2, C18:1)","Inositol Phosphate Metabolism",pail45p_hs_18_2_18_1_c + h2o_c  -> pail4p_hs_18_2_18_1_c + pi_c,Synj1_AT2 or Synj1_AT1,0,0,0,0,0,0,0.0293560766666783,0,0.0292400323333917,0,0,Unchanged,iAB-RBC-283 model metadata; COBRA pFBA/FVA; model-defined GTHPi demand,0
PPAP_16_0_18_2,"Phosphatidic acid phosphatase (C16:0, C18:2)","Diacylglycerol Synthesis",h2o_c + pa_hs_16_0_18_2_c  -> pi_c + dag_hs_16_0_18_2_c,Ppap2c_AT1 or Ppap2b_AT1 or Ppap2a_AT1 or Ppap2a_AT2,0,0,0,0,0,0,0.0293560766666783,0,0.0292400323333917,0,0,Unchanged,iAB-RBC-283 model metadata; COBRA pFBA/FVA; model-defined GTHPi demand,0
PYDXNtr,"Pyridoxine transport via diffusion","Transport, Extracellular",pydxn_e  <=> pydxn_c,,0,0,0,0,0,-0.000255,0.000128,-0.000255,0.000128,0,0,Unchanged,iAB-RBC-283 model metadata; COBRA pFBA/FVA; model-defined GTHPi demand,0
PYDXPP,"Pyridoxal 5-phosphate phosphatase","Vitamin B6 Metabolism",h2o_c + pydx5p_c  -> pi_c + pydx_c,PdxP_AT1,0,0,0,0,0,0,0.0293560766666783,0,0.0292400323333918,0,0,Unchanged,iAB-RBC-283 model metadata; COBRA pFBA/FVA; model-defined GTHPi demand,0
PYDXtr,"Pyridoxal transport via diffusion","Transport, Extracellular",pydx_e  <=> pydx_c,,0,0,0,0,0,-0.000228,0.000155,-0.000228,0.000155,0,0,Unchanged,iAB-RBC-283 model metadata; COBRA pFBA/FVA; model-defined GTHPi demand,0
PYK,"Pyruvate kinase","Glycolysis/Gluconeogenesis",adp_c + pep_c + h_c  -> atp_c + pyr_c,Pkm2_AT1 or Pklr_AT2 or Pklr_AT1 or Pkm2_AT3 or Pkm2_AT2,2.92556146666673,2.9139614223334,-0.0116000443333255,0.0116000443333255,-0.0116000443333255,2.89620539,2.92556146666673,2.88472139000007,2.91467459385372,1,1,Decreased,iAB-RBC-283 model metadata; COBRA pFBA/FVA; model-defined GTHPi demand,4.26605601760247
CEPTE_18_1_18_2,"Ethanolamine phosphotransferase (C18:1,C18:2)","Glycerophospholipid Metabolism",cdpea_c + dag_hs_18_1_18_2_c  -> pe_hs_18_1_18_2_c + h_c + cmp_c,10390_AT1,0,0,0,0,0,0,0.0041937252381213,0,0.00417714747619308,0,0,Unchanged,iAB-RBC-283 model metadata; COBRA pFBA/FVA; model-defined GTHPi demand,0
PI45PLC_16_0_16_0,"Phosphatidylinositol 4,5-bisphosphate phospholipase C (C16:0, C16:0)","Inositol Phosphate Metabolism",pail45p_hs_16_0_16_0_c + h2o_c  -> h_c + dag_hs_16_0_16_0_c + mi145p_c,Plcb3_AT1,0,0,0,0,0,0,0.00366950958334439,0,0.00365500404167787,0,0,Unchanged,iAB-RBC-283 model metadata; COBRA pFBA/FVA; model-defined GTHPi demand,0
CEPTE_18_2_16_0,"Ethanolamine phosphotransferase (C18:2,C16:0)","Glycerophospholipid Metabolism",cdpea_c + dag_hs_18_2_16_0_c  -> pe_hs_18_2_16_0_c + h_c + cmp_c,10390_AT1,0,-3.59381536888196e-33,-3.59381536888196e-33,3.59381536888196e-33,3.59381536888196e-33,0,0.00419372523810933,0,0.00417714747621839,0,0,Unchanged,iAB-RBC-283 model metadata; COBRA pFBA/FVA; model-defined GTHPi demand,0
PYRt2,"Pyruvate transport in via proton symport","Transport, Extracellular",h_e + pyr_e  <=> h_c + pyr_c,Slc16a1_AT1,-0.50003740000003,-0.750037400000037,-0.250000000000007,0.250000000000007,0.250000000000007,-1.84032931499997,-0,-1.85755531499995,-0.574597205999601,0,1,Increased,iAB-RBC-283 model metadata; COBRA pFBA/FVA; model-defined GTHPi demand,9.73394398239769
CEPTE_18_2_18_1,"Ethanolamine phosphotransferase (C18:2,C18:1)","Glycerophospholipid Metabolism",cdpea_c + dag_hs_18_2_18_1_c  -> pe_hs_18_2_18_1_c + h_c + cmp_c,10390_AT1,0,0,0,0,0,0,0.00419372523810878,0,0.00417714747620511,0,0,Unchanged,iAB-RBC-283 model metadata; COBRA pFBA/FVA; model-defined GTHPi demand,0
RBFK,"Riboflavin kinase","Riboflavin Metabolism",atp_c + ribflv_c  -> fmn_c + adp_c + h_c,Rfk_AT1,0,0,0,0,0,0,0.0293560766666783,0,0.0292400323333917,0,0,Unchanged,iAB-RBC-283 model metadata; COBRA pFBA/FVA; model-defined GTHPi demand,0
PI45PLC_16_0_18_1,"Phosphatidylinositol 4,5-bisphosphate phospholipase C (C16:0, C18:1)","Inositol Phosphate Metabolism",pail45p_hs_16_0_18_1_c + h2o_c  -> h_c + dag_hs_16_0_18_1_c + mi145p_c,Plcb3_AT1,0,0,0,0,0,0,0.00366950958334438,0,0.00365500404167786,0,0,Unchanged,iAB-RBC-283 model metadata; COBRA pFBA/FVA; model-defined GTHPi demand,0
CEPTC_16_0_16_0,"Choline phosphotransferase (C16:0, C16:0)","Glycerophospholipid Metabolism",cdpchol_c + dag_hs_16_0_16_0_c  -> pchol_hs_16_0_16_0_c + h_c + cmp_c,10390_AT1 or Chpt1_AT1,0,0,0,0,0,0,0.0048926794444491,0,0.00487333872222042,0,0,Unchanged,iAB-RBC-283 model metadata; COBRA pFBA/FVA; model-defined GTHPi demand,0
CEPTC_16_0_18_1,"Choline phosphotransferase (C16:0, C18:1)","Glycerophospholipid Metabolism",cdpchol_c + dag_hs_16_0_18_1_c  -> pchol_hs_16_0_18_1_c + h_c + cmp_c,10390_AT1 or Chpt1_AT1,0,2.31111593326468e-32,2.31111593326468e-32,2.31111593326468e-32,2.31111593326468e-32,0,0.00489267944440667,0,0.00487333872225763,0,0,Unchanged,iAB-RBC-283 model metadata; COBRA pFBA/FVA; model-defined GTHPi demand,0
CEPTC_16_0_18_2,"Choline phosphotransferase (C16:0, C18:2)","Glycerophospholipid Metabolism",cdpchol_c + dag_hs_16_0_18_2_c  -> pchol_hs_16_0_18_2_c + h_c + cmp_c,10390_AT1 or Chpt1_AT1,-4.00550645952705e-17,0,4.00550645952705e-17,4.00550645952705e-17,-4.00550645952705e-17,0,0.00489267944449355,0,0.00487333872220354,0,0,Unchanged,iAB-RBC-283 model metadata; COBRA pFBA/FVA; model-defined GTHPi demand,0
CEPTC_18_1_18_1,"Choline phosphotransferase (C18:1, C18:1)","Glycerophospholipid Metabolism",cdpchol_c + dag_hs_18_1_18_1_c  -> pchol_hs_18_1_18_1_c + h_c + cmp_c,10390_AT1 or Chpt1_AT1,0,0,0,0,0,0,0.00489267944441508,0,0.00487333872218953,0,0,Unchanged,iAB-RBC-283 model metadata; COBRA pFBA/FVA; model-defined GTHPi demand,0
ETHAK,"Ethanolamine kinase","Glycerophospholipid Metabolism",atp_c + etha_c  -> adp_c + h_c + ethamp_c,55224_AT1 or 55500 or Chk_AT1 or Chk_AT2,-4.93038065763132e-32,2.17001899534678e-32,7.10039965297811e-32,7.10039965297811e-32,-2.76036166228454e-32,0,0.0293560766667267,0,0.0292400323333956,0,0,Unchanged,iAB-RBC-283 model metadata; COBRA pFBA/FVA; model-defined GTHPi demand,0
RIBFLVt3,"Riboflavin transport (ATP dependent)","Transport, Extracellular",atp_c + h2o_c + ribflv_e  -> adp_c + pi_c + h_c + ribflv_c,,0,0,0,0,0,0,0.0146780383333757,0,0.0146200161666958,0,0,Unchanged,iAB-RBC-283 model metadata; COBRA pFBA/FVA; model-defined GTHPi demand,0
RNMK,"Ribosylnicotinamide kinase","NAD Metabolism",atp_c + rnam_c  -> adp_c + h_c + nmn_c,Nrk1_AT1,0,0,0,0,0,0,0.0293560766667155,0,0.0292400323333925,0,0,Unchanged,iAB-RBC-283 model metadata; COBRA pFBA/FVA; model-defined GTHPi demand,0
RPE,"Ribulose 5-phosphate 3-epimerase","Pentose Phosphate Pathway",ru5p__D_c  <=> xu5p__D_c,Rpe_AT2 or Rpe_AT1,0.00666666666666688,0.0298667553333462,0.0232000886666793,0.0232000886666793,0.0232000886666793,-0.000672352500046585,0.0653788200000419,0.0225567472499909,0.0883468200001292,0,1,Increased,iAB-RBC-283 model metadata; COBRA pFBA/FVA; model-defined GTHPi demand,4.53211203520558
LPASE_16_0,"Lysophospholipase (C16:0)","Glycerophospholipid Metabolism",h2o_c + lpchol_hs_16_0_c  -> g3pc_c + h_c + hdca_c,29124 or Pla2g4a_AT1 or Clc_AT1,4.93038065763132e-32,2.20838713095762e-32,-2.7219935266737e-32,2.7219935266737e-32,-2.7219935266737e-32,0,0.00489267944447336,0,0.0048733387221816,0,0,Unchanged,iAB-RBC-283 model metadata; COBRA pFBA/FVA; model-defined GTHPi demand,0
LPASE_18_1,"Lysophospholipase (C18:1)","Glycerophospholipid Metabolism",h2o_c + lpchol_hs_18_1_c  -> g3pc_c + h_c + ocdcea_c,29124 or Pla2g4a_AT1 or Clc_AT1,0,-1.84889274661175e-32,-1.84889274661175e-32,1.84889274661175e-32,1.84889274661175e-32,0,0.00489267944441207,0,0.0048733387222133,0,0,Unchanged,iAB-RBC-283 model metadata; COBRA pFBA/FVA; model-defined GTHPi demand,0
RPI,"Ribose-5-phosphate isomerase","Pentose Phosphate Pathway",r5p_c  <=> ru5p__D_c,Rpia_AT1,0.00666666666666688,-0.00493337766667309,-0.01160004433334,0.01160004433334,-0.00173328899999379,-0.0226894100000728,0.00666666666666654,-0.0341734100000725,-0.00422020614634678,0,1,Reversed,iAB-RBC-283 model metadata; COBRA pFBA/FVA; model-defined GTHPi demand,4.2660560176028
PI45PLC_16_0_18_2,"Phosphatidylinositol 4,5-bisphosphate phospholipase C (C16:0, C18:2)","Inositol Phosphate Metabolism",pail45p_hs_16_0_18_2_c + h2o_c  -> h_c + dag_hs_16_0_18_2_c + mi145p_c,Plcb3_AT1,0,0,0,0,0,0,0.00366950958335922,0,0.00365500404167798,0,0,Unchanged,iAB-RBC-283 model metadata; COBRA pFBA/FVA; model-defined GTHPi demand,0
LPASE_18_2,"Lysophospholipase (C18:w)","Glycerophospholipid Metabolism",h2o_c + lpchol_hs_18_2_c  -> g3pc_c + h_c + lnlc_c,29124 or Pla2g4a_AT1 or Clc_AT1,0,-3.59494384345875e-33,-3.59494384345875e-33,3.59494384345875e-33,3.59494384345875e-33,0,0.00489267944441207,0,0.0048733387222133,0,0,Unchanged,iAB-RBC-283 model metadata; COBRA pFBA/FVA; model-defined GTHPi demand,0
SALMCOM,"S-Adenosyl-L-methionine:catechol O-methyltransferase","Tyrosine metabolism",amet_c + nrpphr_c  -> ahcys_c + h_c + normete__L_c,Comt_AT2 or Comt_AT1,0,0,0,0,0,0,0.0288,0,0.0288,0,0,Unchanged,iAB-RBC-283 model metadata; COBRA pFBA/FVA; model-defined GTHPi demand,0
PDE1,"3',5'-cyclic-nucleotide phosphodiesterase","Nucleotides",camp_c + h2o_c  -> amp_c + h_c,Pde8a_AT5 or Pde8a_AT3 or Pde8a_AT2 or Pde7A_AT2 or Pde11A_AT1 or Pde8a_AT1 or Pde1C_AT1 or Pde4C_AT1 or Pde4B_AT1 or Pde2A_AT1 or Pde3A_AT1 or Pde3B_AT2 or Pde7A_AT1 or Pde8b_AT1 or Pde7B_AT1 or Pde4A_AT1 or Pde1A_AT2 or 10846 or Pde1B_AT1 or Pde4D_AT1 or Pde1A_AT1 or Pde8a_AT4 or Pde3B_AT1,0,0,0,0,0,0,0.0146780383333375,0,0.0146200161667092,0,0,Unchanged,iAB-RBC-283 model metadata; COBRA pFBA/FVA; model-defined GTHPi demand,0
PI45PLC_18_1_18_1,"Phosphatidylinositol 4,5-bisphosphate phospholipase C (C18:1, C18:1)","Inositol Phosphate Metabolism",pail45p_hs_18_1_18_1_c + h2o_c  -> h_c + dag_hs_18_1_18_1_c + mi145p_c,Plcb3_AT1,0,0,0,0,0,0,0.00366950958335922,0,0.00365500404167798,0,0,Unchanged,iAB-RBC-283 model metadata; COBRA pFBA/FVA; model-defined GTHPi demand,0
PMANM,"Phosphomannomutase","Fructose and Mannose Metabolism",man1p_c  <=> man6p_c,55276 or Pmm2_AT1,-0,-0,0,0,0,-0,-0,-0,-0,0,0,Unchanged,iAB-RBC-283 model metadata; COBRA pFBA/FVA; model-defined GTHPi demand,0
SALMCOM2,"S-Adenosyl-L-methionine:catechol O-methyltransferase","Tyrosine metabolism",adrnl_c + amet_c  -> ahcys_c + h_c + mepi_c,Comtd1_AT1,0,0,0,0,0,0,0.0378,0,0.0378,0,0,Unchanged,iAB-RBC-283 model metadata; COBRA pFBA/FVA; model-defined GTHPi demand,0
PI45PLC_18_1_18_2,"Phosphatidylinositol 4,5-bisphosphate phospholipase C (C18:1, C18:2)","Inositol Phosphate Metabolism",pail45p_hs_18_1_18_2_c + h2o_c  -> h_c + dag_hs_18_1_18_2_c + mi145p_c,Plcb3_AT1,3.32859514390364e-16,0,-3.32859514390364e-16,3.32859514390364e-16,-3.32859514390364e-16,0,0.00366950958334526,0,0.00365500404167773,0,0,Unchanged,iAB-RBC-283 model metadata; COBRA pFBA/FVA; model-defined GTHPi demand,0
SBTD_D2,"D sorbitol dehydrogenase  D fructose producing","Fructose and Mannose Metabolism",sbt__D_c + nad_c  -> fru_c + h_c + nadh_c,Sord_AT1,0,0,0,0,0,0,0.926136460000389,0,0.175440194000354,0,0,Unchanged,iAB-RBC-283 model metadata; COBRA pFBA/FVA; model-defined GTHPi demand,0
SBTR,"D sorbitol reductase","Fructose and Mannose Metabolism",glc__D_c + h_c + nadph_c  -> sbt__D_c + nadp_c,Akr7a2_AT1 or Akr1a1_AT1 or Akr1a1_AT2 or Akr1b1_AT1,0,0,0,0,0,0,0.926136460000389,0,0.175440194000354,0,0,Unchanged,iAB-RBC-283 model metadata; COBRA pFBA/FVA; model-defined GTHPi demand,0
PI45PLC_18_2_16_0,"Phosphatidylinositol 4,5-bisphosphate phospholipase C (C18:2, C16:0)","Inositol Phosphate Metabolism",pail45p_hs_18_2_16_0_c + h2o_c  -> h_c + dag_hs_18_2_16_0_c + mi145p_c,Plcb3_AT1,0,2.18388904839454e-17,2.18388904839454e-17,2.18388904839454e-17,2.18388904839454e-17,0,0.00366950958333988,0,0.00365500404167795,0,0,Unchanged,iAB-RBC-283 model metadata; COBRA pFBA/FVA; model-defined GTHPi demand,0
SPMDtex2,"Spermidine excretion  cytosol to extracellular","Transport, Extracellular",spmd_c  <=> spmd_e,,0,0,0,0,0,-0,0.00440341149996911,-0,0.00438600484998708,0,0,Unchanged,iAB-RBC-283 model metadata; COBRA pFBA/FVA; model-defined GTHPi demand,0
RIBFLVt3o,"Riboflavin transport out (ATP dependent)","Transport, Extracellular",atp_c + h2o_c + ribflv_c  -> adp_c + pi_c + h_c + ribflv_e,9429,0,0,0,0,0,0,0.0146780383333757,0,0.0146200161666963,0,0,Unchanged,iAB-RBC-283 model metadata; COBRA pFBA/FVA; model-defined GTHPi demand,0
PI45PLC_18_2_18_1,"Phosphatidylinositol 4,5-bisphosphate phospholipase C (C18:2, C18:1)","Inositol Phosphate Metabolism",pail45p_hs_18_2_18_1_c + h2o_c  -> h_c + dag_hs_18_2_18_1_c + mi145p_c,Plcb3_AT1,0,0,0,0,0,0,0.00366950958335522,0,0.0036550040416865,0,0,Unchanged,iAB-RBC-283 model metadata; COBRA pFBA/FVA; model-defined GTHPi demand,0
SPMS,"Spermidine synthase","Urea cycle/amino group metabolism",ametam_c + ptrc_c  -> 5mta_c + h_c + spmd_c,Srm_AT1,0,0,0,0,0,0,0.00440341149996911,0,0.00438600484998708,0,0,Unchanged,iAB-RBC-283 model metadata; COBRA pFBA/FVA; model-defined GTHPi demand,0
PI4P5K_16_0_16_1,"Phosphatidylinositol 4-phosphate 5-kinase (C16:0,C16:0)","Glycerophospholipid Metabolism",pail4p_hs_16_0_16_0_c + atp_c  -> pail45p_hs_16_0_16_0_c + adp_c + h_c,Pip5k1a_AT1 or Pip5k2c_AT1 or Pip5k3_AT1 or Pip5k1b_AT1 or Pip5k2b_AT2 or Pip5k1c_AT1 or Pip5k2a_AT1 or Pip5k3_AT2 or Pip5k3_AT3 or Pip5k2b_AT1,0,0,0,0,0,0,0.0293560766666783,0,0.0292400323333917,0,0,Unchanged,iAB-RBC-283 model metadata; COBRA pFBA/FVA; model-defined GTHPi demand,0
SPRMS,"Spermine synthase","Urea cycle/amino group metabolism",ametam_c + spmd_c  -> 5mta_c + h_c + sprm_c,Sms_AT1,0,0,0,0,0,0,0.00220170575000344,0,0.0021930024250005,0,0,Unchanged,iAB-RBC-283 model metadata; COBRA pFBA/FVA; model-defined GTHPi demand,0
PI4P5K_16_0_18_3,"Phosphatidylinositol 4-phosphate 5-kinase (C16:0,C18:1)","Glycerophospholipid Metabolism",pail4p_hs_16_0_18_1_c + atp_c  -> pail45p_hs_16_0_18_1_c + adp_c + h_c,Pip5k1a_AT1 or Pip5k2c_AT1 or Pip5k3_AT1 or Pip5k1b_AT1 or Pip5k2b_AT2 or Pip5k1c_AT1 or Pip5k2a_AT1 or Pip5k3_AT2 or Pip5k3_AT3 or Pip5k2b_AT1,0,0,0,0,0,0,0.0293560766666783,0,0.0292400323333917,0,0,Unchanged,iAB-RBC-283 model metadata; COBRA pFBA/FVA; model-defined GTHPi demand,0
SPRMt2i,"Spermine transport via proton antiport irreversible","Transport, Extracellular",h_c + sprm_e  <=> sprm_c + h_e,,-0,0,0,0,0,-0.00220170575000344,-0,-0.0021930024250005,-0,0,0,Unchanged,iAB-RBC-283 model metadata; COBRA pFBA/FVA; model-defined GTHPi demand,0
TALA,"Transaldolase","Pentose Phosphate Pathway",g3p_c + s7p_c  <=> e4p_c + f6p_c,Taldo1_AT1,0.00333333333333344,0.0149333776666731,0.0116000443333397,0.0116000443333397,0.0116000443333397,-0.000336176250013034,0.0326894100000545,0.0112783736250163,0.0441734100000732,0,1,Increased,iAB-RBC-283 model metadata; COBRA pFBA/FVA; model-defined GTHPi demand,4.26605601760279
PGMT,"Phosphoglucomutase","Glycolysis/Gluconeogenesis",g1p_c  <=> g6p_c,55276,0.3169,0.3169,0,0,0,0.302221961666671,0.316900000000032,0.302279983833281,0.316900000000032,1,1,Unchanged,iAB-RBC-283 model metadata; COBRA pFBA/FVA; model-defined GTHPi demand,0
TDP,"Thiamin pyrophosphatase","Thiamine Metabolism",h2o_c + thmpp_c  -> pi_c + h_c + thmmp_c,,0,0,0,0,0,0,6e-05,0,6e-05,0,0,Unchanged,iAB-RBC-283 model metadata; COBRA pFBA/FVA; model-defined GTHPi demand,0
THMMPtrbc,"Thiamine monophosphate transport (passive - red blood cell)","Transport, Extracellular",thmmp_e  <=> thmmp_c,,-0,0,0,0,0,-6e-05,0,-6e-05,0,0,0,Unchanged,iAB-RBC-283 model metadata; COBRA pFBA/FVA; model-defined GTHPi demand,0
THMTP,"Thiamine-triphosphatase","Thiamine Metabolism",h2o_c + thmtp_c  -> pi_c + h_c + thmpp_c,ThmtP_AT1,0,0,0,0,0,0,0.0293560766666783,0,0.0292400323333917,0,0,Unchanged,iAB-RBC-283 model metadata; COBRA pFBA/FVA; model-defined GTHPi demand,0
THMtrbc,"Thiamine transprot (passive - red blood cell)","Transport, Extracellular",thm_e  <=> thm_c,,0,0,0,0,0,0,6e-05,0,6e-05,0,0,Unchanged,iAB-RBC-283 model metadata; COBRA pFBA/FVA; model-defined GTHPi demand,0
TKT1,"Transketolase","Pentose Phosphate Pathway",r5p_c + xu5p__D_c  <=> g3p_c + s7p_c,Tkt_AT1,0.00333333333333344,0.0149333776666731,0.0116000443333397,0.0116000443333397,0.0116000443333397,-0.000336176250013034,0.0326894100000545,0.0112783736250163,0.0441734100000732,0,1,Increased,iAB-RBC-283 model metadata; COBRA pFBA/FVA; model-defined GTHPi demand,4.26605601760279
TKT2,"Transketolase","Pentose Phosphate Pathway",e4p_c + xu5p__D_c  <=> g3p_c + f6p_c,Tkt_AT1,0.00333333333333344,0.0149333776666731,0.0116000443333397,0.0116000443333397,0.0116000443333397,-0.000336176250013034,0.0326894100000545,0.0112783736250163,0.0441734100000732,0,1,Increased,iAB-RBC-283 model metadata; COBRA pFBA/FVA; model-defined GTHPi demand,4.26605601760279
TMDPK,"Thiamine diphosphokinase","Thiamine Metabolism",atp_c + thm_c  -> amp_c + h_c + thmpp_c,Tpk1_AT1,0,0,0,0,0,0,6e-05,0,6e-05,0,0,Unchanged,iAB-RBC-283 model metadata; COBRA pFBA/FVA; model-defined GTHPi demand,0
TMDPPK,"Thiamine diphosphate kinase","Thiamine Metabolism",atp_c + thmpp_c  -> adp_c + thmtp_c,,0,0,0,0,0,0,0.0293560766666783,0,0.0292400323333917,0,0,Unchanged,iAB-RBC-283 model metadata; COBRA pFBA/FVA; model-defined GTHPi demand,0
TPI,"Triose-phosphate isomerase","Glycolysis/Gluconeogenesis",dhap_c  <=> g3p_c,Tpi1_AT1,1.4611140666667,1.44951402233336,-0.0116000443333324,0.0116000443333324,-0.0116000443333324,1.43175798999995,1.4611140666667,1.42027398999999,1.45022719385369,1,1,Decreased,iAB-RBC-283 model metadata; COBRA pFBA/FVA; model-defined GTHPi demand,4.26605601760262
UDPG4E,"UDPglucose 4-epimerase","Galactose metabolism",udpg_c  <=> udpgal_c,Gale_AT2 or Gale_AT1,-0.3169,-0.3169,0,0,0,-0.316900000000032,-0.302221961666663,-0.316900000000032,-0.302279983833336,1,1,Unchanged,iAB-RBC-283 model metadata; COBRA pFBA/FVA; model-defined GTHPi demand,0
UDPGD,"UDPglucose 6-dehydrogenase","Starch and Sucrose Metabolism",h2o_c + udpg_c + 2 nad_c  -> 3 h_c + udpglcur_c + 2 nadh_c,Ugdh_AT1,-7.88860905221012e-31,0,7.88860905221012e-31,7.88860905221012e-31,-7.88860905221012e-31,0,0.0125811757143325,0,0.0109650121250439,0,0,Unchanged,iAB-RBC-283 model metadata; COBRA pFBA/FVA; model-defined GTHPi demand,0
UDPGNP,"UDP-glucuronate glucuronohydrolase","Pentose and Glucuronate Interconversions",h2o_c + udpglcur_c  -> glcur_c + h_c + udp_c,,0,0,0,0,0,0,0.0125811757143325,0,0.0109650121250439,0,0,Unchanged,iAB-RBC-283 model metadata; COBRA pFBA/FVA; model-defined GTHPi demand,0
UGLT,"UDPglucose--hexose-1-phosphate uridylyltransferase","Galactose metabolism",gal1p_c + udpg_c  <=> g1p_c + udpgal_c,Galt_AT1 or Galt_AT2 or Galt_AT3,0.3169,0.3169,0,0,0,-999.697778038333,1000,-999.697720016167,1000,0,0,Unchanged,iAB-RBC-283 model metadata; COBRA pFBA/FVA; model-defined GTHPi demand,0
UMPK,"UMP kinase","Nucleotides",atp_c + ump_c  <=> adp_c + udp_c,UmpK_AT1,2.76360669670705e-17,0,-2.76360669670705e-17,2.76360669670705e-17,-2.76360669670705e-17,-5.55659395810413e-14,4.80768492146677e-14,-5.66768854071131e-14,-5.66768854071131e-14,0,0,Unchanged,iAB-RBC-283 model metadata; COBRA pFBA/FVA; model-defined GTHPi demand,0
UPP3S,"Uroporphyrinogen-III synthase","Heme Biosynthesis",hmbil_c  -> h2o_c + uppg3_c,Uros_AT1,0,0,0,0,0,0,0.0025,0,0.0025,0,0,Unchanged,iAB-RBC-283 model metadata; COBRA pFBA/FVA; model-defined GTHPi demand,0
UPPDC1,"Uroporphyrinogen decarboxylase (uroporphyrinogen III)","Heme Biosynthesis",4 h_c + uppg3_c  -> 4 co2_c + cpppg3_c,Urod_AT1,0,0,0,0,0,0,0.0025,0,0.0025,0,0,Unchanged,iAB-RBC-283 model metadata; COBRA pFBA/FVA; model-defined GTHPi demand,0
UREAt,"Urea transport via facilitate diffusion","Transport, Extracellular",urea_e  <=> urea_c,Slc14a1_1_e,0,0,0,0,0,-0.1152,0,-0.1152,0,0,0,Unchanged,iAB-RBC-283 model metadata; COBRA pFBA/FVA; model-defined GTHPi demand,0
URIt,"Uridine facilated transport in cytosol","Transport, Extracellular",uri_e  <=> uri_c,Slc29a1_1_e,2.76360669670705e-17,0,-2.76360669670705e-17,2.76360669670705e-17,-2.76360669670705e-17,-0.00629058785718125,0,-0.00626572121430759,-5.66768854071145e-14,0,0,Unchanged,iAB-RBC-283 model metadata; COBRA pFBA/FVA; model-defined GTHPi demand,0
XYLK,"Xylulokinase","Pentose and Glucuronate Interconversions",atp_c + xylu__D_c  -> adp_c + h_c + xu5p__D_c,Xylb_AT1,-7.88860905221012e-31,0,7.88860905221012e-31,7.88860905221012e-31,-7.88860905221012e-31,6.75264934869186e-28,0.0125811757143325,0,0.0109650121250439,0,0,Unchanged,iAB-RBC-283 model metadata; COBRA pFBA/FVA; model-defined GTHPi demand,0
XYLTD_D,"Xylitol dehydrogenase  D xyulose forming","Pentose and Glucuronate Interconversions",nad_c + xylt_c  <=> h_c + nadh_c + xylu__D_c,,-7.88860905221012e-31,0,7.88860905221012e-31,7.88860905221012e-31,-7.88860905221012e-31,6.75264934869186e-28,0.0125811757143325,0,0.0109650121250439,0,0,Unchanged,iAB-RBC-283 model metadata; COBRA pFBA/FVA; model-defined GTHPi demand,0
XYLUR,"Xylulose reductase","Pentose and Glucuronate Interconversions",h_c + nadph_c + xylu__L_c  <=> nadp_c + xylt_c,Dcxr_AT1,-7.88860905221012e-31,0,7.88860905221012e-31,7.88860905221012e-31,-7.88860905221012e-31,6.75264934869186e-28,0.0125811757143325,0,0.0109650121250439,0,0,Unchanged,iAB-RBC-283 model metadata; COBRA pFBA/FVA; model-defined GTHPi demand,0
ARD,"1;2-dihydroxy-3-keto-5-methylthiopentene dioxygenase","Methionine Salvage",dhmtp_c + o2_c  -> 2kmb_c + for_c + 2 h_c,55256,0,0,0,0,0,0,0.00440341150000689,0,0.00438600485000099,0,0,Unchanged,iAB-RBC-283 model metadata; COBRA pFBA/FVA; model-defined GTHPi demand,0
CEPTC_18_1_18_2,"Choline phosphotransferase (C18:1, C18:2)","Glycerophospholipid Metabolism",cdpchol_c + dag_hs_18_1_18_2_c  -> pchol_hs_18_1_18_2_c + h_c + cmp_c,10390_AT1 or Chpt1_AT1,8.0110129190541e-17,0,-8.0110129190541e-17,8.0110129190541e-17,-8.0110129190541e-17,0,0.0048926794444503,0,0.00487333872222166,0,0,Unchanged,iAB-RBC-283 model metadata; COBRA pFBA/FVA; model-defined GTHPi demand,0
CEPTC_18_2_16_0,"Choline phosphotransferase (C18:2, C16:0)","Glycerophospholipid Metabolism",cdpchol_c + dag_hs_18_2_16_0_c  -> pchol_hs_18_2_16_0_c + h_c + cmp_c,10390_AT1 or Chpt1_AT1,0,0,0,0,0,0,0.00489267944449476,0,0.00487333872218985,0,0,Unchanged,iAB-RBC-283 model metadata; COBRA pFBA/FVA; model-defined GTHPi demand,0
CEPTC_18_2_18_1,"Choline phosphotransferase (C18:2, C18:1)","Glycerophospholipid Metabolism",cdpchol_c + dag_hs_18_2_18_1_c  -> pchol_hs_18_2_18_1_c + h_c + cmp_c,10390_AT1 or Chpt1_AT1,-1.60220258381082e-16,0,1.60220258381082e-16,1.60220258381082e-16,-1.60220258381082e-16,0,0.00489267944444947,0,0.00487333872222212,0,0,Unchanged,iAB-RBC-283 model metadata; COBRA pFBA/FVA; model-defined GTHPi demand,0
CEPTE_16_0_18_1,"Ethanolamine phosphotransferase (C16:0,C18:1)","Glycerophospholipid Metabolism",cdpea_c + dag_hs_16_0_18_1_c  -> pe_hs_16_0_18_1_c + h_c + cmp_c,10390_AT1,0,0,0,0,0,0,0.00419372523811991,0,0.00417714747620365,0,0,Unchanged,iAB-RBC-283 model metadata; COBRA pFBA/FVA; model-defined GTHPi demand,0
CEPTE_16_0_18_2,"Ethanolamine phosphotransferase (C16:0,C18:2)","Glycerophospholipid Metabolism",cdpea_c + dag_hs_16_0_18_2_c  -> pe_hs_16_0_18_2_c + h_c + cmp_c,10390_AT1,8.01101291905412e-17,0,-8.01101291905412e-17,8.01101291905412e-17,-8.01101291905412e-17,0,0.00419372523810812,0,0.0041771474762041,0,0,Unchanged,iAB-RBC-283 model metadata; COBRA pFBA/FVA; model-defined GTHPi demand,0
CEPTE_18_1_18_1,"Ethanolamine phosphotransferase (C18:1,C18:1)","Glycerophospholipid Metabolism",cdpea_c + dag_hs_18_1_18_1_c  -> pe_hs_18_1_18_1_c + h_c + cmp_c,10390_AT1,-8.0110129190541e-17,3.59494384345875e-33,8.0110129190541e-17,8.0110129190541e-17,-8.0110129190541e-17,0,0.00364277512821366,0,0.00363384864103406,0,0,Unchanged,iAB-RBC-283 model metadata; COBRA pFBA/FVA; model-defined GTHPi demand,0
